"state","plant_type_full","Value"
"AL","bio_X",244.268915099495
"AL","col_X1",64.0392076181408
"AL","col_X2",129.283736677489
"AL","col_X3",130.329466927708
"AL","hyd_X",91.1814219339722
"AL","ngcc_X1",12.7399173144977
"AL","ngtb_X1",11.0474590676834
"AL","ngtb_X2",6.57315679447717
"AL","ngtb_X3",13.3144350144035
"AL","nuc_X",131.239238501822
"AL","oth_X",0
"AL","slr_X",20.6915295982732
"AR","bio_X",217.41490802976
"AR","col_X1",63.1003062340992
"AR","col_X2",46.2914751587302
"AR","col_X3",67.5760788423005
"AR","hyd_X",92.6869600591846
"AR","msw_X",12.506030954377
"AR","ngcc_X1",12.6977857982947
"AR","ngtb_X1",11.0474590687938
"AR","ngtb_X2",11.2212699976409
"AR","ngtb_X3",11.0474590661765
"AR","nuc_X",131.239238482385
"AR","oth_X",0
"AR","slr_X",20.6915296036364
"AR","stog_X1",0
"AZ","bio_X",136.741037022059
"AZ","col_X2",81.2289287729157
"AZ","col_X3",84.0502362202865
"AZ","hyd_X",92.2429261237839
"AZ","ngcc_X1",13.1840493505952
"AZ","ngtb_X1",11.0474590682941
"AZ","ngtb_X2",12.279259832378
"AZ","ngtb_X3",14.6921928658783
"AZ","nuc_X",131.239238502471
"AZ","oth_X",0
"AZ","slr_X",20.6915296001391
"AZ","stog_X1",0
"AZ","stog_X2",0
"AZ","wnd_X",47.6538110145903
"CA","bio_X",136.69336811052
"CA","col_X1",78.8817952116462
"CA","col_X2",0
"CA","col_X3",74.9864649879374
"CA","geo_X",155.811743458071
"CA","hyd_X",92.361101576512
"CA","msw_X",2.84563679966443
"CA","ngcc_X1",13.4526060127653
"CA","ngcc_X2",13.8882277879023
"CA","ngcc_X3",17.7072850996055
"CA","ngtb_X1",11.5481187854057
"CA","ngtb_X2",11.3864847821714
"CA","ngtb_X3",14.849680540058
"CA","nuc_X",131.239238527766
"CA","oth_X",1.05084656204156
"CA","slr_X",25.8487754979093
"CA","stog_X1",0
"CA","stog_X2",0
"CA","wnd_X",47.6538110137914
"CO","bio_X",136.741036984127
"CO","col_X1",48.4696097839002
"CO","col_X2",56.6873008695568
"CO","col_X3",83.9838420621931
"CO","hyd_X",92.6869600479204
"CO","ngcc_X1",12.854863214558
"CO","ngtb_X1",11.0474590669302
"CO","ngtb_X2",11.1999321459559
"CO","ngtb_X3",15.3353858094032
"CO","oth_X",0
"CO","slr_X",20.6915295997681
"CO","stog_X2",0
"CO","wnd_X",47.6538110169035
"CT","bio_X",135.638077023256
"CT","col_X1",43.1236005418182
"CT","col_X2",195.944563043478
"CT","col_X3",207.577898588622
"CT","hyd_X",92.686960056277
"CT","msw_X",20.8791932694471
"CT","ngcc_X1",12.6778820897057
"CT","ngcc_X2",12.6782583408511
"CT","ngtb_X1",12.8284096486818
"CT","ngtb_X2",19.1606622950665
"CT","ngtb_X3",17.0140044462066
"CT","nuc_X",131.239238522354
"CT","oth_X",0
"CT","slr_X",20.6915295996967
"CT","stog_X1",0
"CT","wnd_X",47.65381102
"DC","ngtb_X1",11.047459070922
"DC","ngtb_X2",11.0474590677686
"DC","ngtb_X3",11.0474590648148
"DC","slr_X",20.6915295942029
"DE","col_X1",94.7164889511041
"DE","col_X3",60.6247112638852
"DE","ngcc_X1",12.67328300164
"DE","ngtb_X1",11.0474590662993
"DE","ngtb_X2",11.0474590630189
"DE","ngtb_X3",19.2266615811182
"DE","oth_X",0
"DE","slr_X",20.6915296005917
"DE","wnd_X",47.653811015
"FL","bio_X",224.947457957638
"FL","col_X1",82.2852164323155
"FL","col_X2",104.517248254026
"FL","col_X3",97.7295840086174
"FL","hyd_X",92.686960045977
"FL","msw_X",9.59440276906774
"FL","ngcc_X1",12.6779778841672
"FL","ngcc_X2",12.6672284179912
"FL","ngcc_X3",32.4709857594629
"FL","ngtb_X1",11.0474590682347
"FL","ngtb_X2",11.5734286123974
"FL","ngtb_X3",16.1234600911526
"FL","nuc_X",131.239238517855
"FL","oth_X",52.4323002402235
"FL","slr_X",36.4327190453905
"GA","bio_X",256.091030349114
"GA","col_X1",82.1187600460163
"GA","col_X2",56.9527854887704
"GA","col_X3",173.734113846888
"GA","hyd_X",92.68696005314
"GA","msw_X",1.07599178447099
"GA","ngcc_X1",12.7663537575067
"GA","ngtb_X1",11.0990368006169
"GA","ngtb_X2",11.0662614246505
"GA","ngtb_X3",18.6776606049983
"GA","nuc_X",131.239238522674
"GA","oth_X",13.0314027070474
"GA","slr_X",20.6915296001312
"GA","stog_X1",0
"GA","stog_X2",0
"IA","bio_X",148.648777453777
"IA","col_X1",86.8690887558496
"IA","col_X2",108.692303577248
"IA","col_X3",73.4801603576964
"IA","hyd_X",92.6869600178019
"IA","ngcc_X1",12.6672284193766
"IA","ngcc_X3",19.0736109752359
"IA","ngtb_X1",13.6330742012779
"IA","ngtb_X2",17.0231737351439
"IA","ngtb_X3",13.8546335835758
"IA","nuc_X",131.239238513613
"IA","oth_X",0
"IA","slr_X",20.6915296
"IA","wnd_X",47.653811015585
"ID","bio_X",259.809601893819
"ID","col_X1",51.0188286596894
"ID","geo_X",200.140783666667
"ID","hyd_X",92.6869600494096
"ID","ngcc_X1",12.6826292999677
"ID","ngtb_X1",11.0474590670092
"ID","ngtb_X2",11.3549182753792
"ID","slr_X",20.6915296
"ID","wnd_X",47.6538110119048
"IL","col_X1",72.9926113414733
"IL","col_X2",58.9923718928964
"IL","col_X3",44.6445069832396
"IL","hyd_X",92.6869600600522
"IL","msw_X",2.4485712000597
"IL","ngcc_X1",12.7153858910867
"IL","ngtb_X1",11.3685941841561
"IL","ngtb_X2",11.6074027334638
"IL","ngtb_X3",12.0548228211047
"IL","nuc_X",131.239238499891
"IL","oth_X",0
"IL","slr_X",20.6915296
"IL","wnd_X",47.6538110143044
"IN","col_X1",112.488803169843
"IN","col_X2",91.1733735723189
"IN","col_X3",83.4409670708447
"IN","hyd_X",92.686960060166
"IN","msw_X",0
"IN","ngcc_X1",12.693689276106
"IN","ngtb_X1",10.7671022836556
"IN","ngtb_X2",11.105995763872
"IN","ngtb_X3",12.4355786337116
"IN","oth_X",0
"IN","slr_X",20.6915295999179
"IN","wnd_X",47.6538110148193
"KS","col_X1",42.9796243942857
"KS","col_X2",56.4398738668741
"KS","col_X3",70.4754313386104
"KS","hyd_X",92.6869600571429
"KS","ngcc_X1",12.6672284192825
"KS","ngtb_X1",12.8796185524157
"KS","ngtb_X2",19.5665001947722
"KS","ngtb_X3",17.1695891316728
"KS","nuc_X",131.239238542242
"KS","slr_X",20.6915296
"KS","wnd_X",47.653811016065
"KY","bio_X",265.958558732258
"KY","col_X1",107.132336921132
"KY","col_X2",60.9037711694553
"KY","col_X3",65.176483081681
"KY","hyd_X",92.6869600520368
"KY","ngcc_X1",12.6672284194204
"KY","ngtb_X1",11.0474590674157
"KY","ngtb_X2",11.1214528024546
"KY","ngtb_X3",16.1872603814711
"KY","slr_X",20.6915296
"LA","bio_X",265.426341972668
"LA","col_X1",62.4417412029997
"LA","col_X2",138.612675036987
"LA","col_X3",145.059030347966
"LA","hyd_X",92.6869600520833
"LA","msw_X",0.992664
"LA","ngcc_X1",15.0685865338295
"LA","ngtb_X1",13.6985032211474
"LA","ngtb_X2",11.1296079491643
"LA","ngtb_X3",11.0474590677447
"LA","nuc_X",131.239238538265
"LA","oth_X",42.9796243888889
"LA","slr_X",20.6915296
"MA","bio_X",136.362649270073
"MA","col_X1",62.4004202903128
"MA","col_X2",131.939753579336
"MA","col_X3",180.851121913542
"MA","hyd_X",92.686960055535
"MA","msw_X",17.1733856426058
"MA","ngcc_X1",12.8310449299207
"MA","ngcc_X2",19.2312301042373
"MA","ngcc_X3",19.073610980198
"MA","ngtb_X1",17.8867453286372
"MA","ngtb_X2",20.5925008298701
"MA","ngtb_X3",13.5653868472956
"MA","oth_X",0
"MA","slr_X",20.6915296
"MA","stog_X2",0
"MA","wnd_X",47.6538110169884
"MD","bio_X",135.638077026316
"MD","col_X1",44.3933537496727
"MD","col_X2",67.571869039604
"MD","col_X3",131.630337357669
"MD","hyd_X",92.6869600599128
"MD","msw_X",3.06690269916856
"MD","ngcc_X1",12.7042270590802
"MD","ngcc_X2",12.6672284176327
"MD","ngtb_X1",15.3041374521892
"MD","ngtb_X2",11.9218909569197
"MD","ngtb_X3",18.6617589661643
"MD","nuc_X",131.239238488975
"MD","oth_X",0
"MD","slr_X",20.691529600186
"MD","wnd_X",47.6538110168421
"ME","bio_X",251.618344205701
"ME","col_X1",137.277938091609
"ME","col_X2",0
"ME","col_X3",64.9532600882419
"ME","hyd_X",92.6869600568926
"ME","msw_X",6.87347779379787
"ME","ngcc_X1",12.6672284192712
"ME","ngtb_X1",11.0474590702609
"ME","ngtb_X2",21.9031421510784
"ME","ngtb_X3",16.6346519971429
"ME","oth_X",20.4718021719002
"ME","slr_X",20.6915296
"ME","wnd_X",47.6538110163314
"MI","bio_X",190.920208340621
"MI","col_X1",120.182556358028
"MI","col_X2",93.8267106950712
"MI","col_X3",176.86990462553
"MI","hyd_X",92.6869600557455
"MI","msw_X",1.2457707026632
"MI","ngcc_X1",12.8914033551127
"MI","ngcc_X3",12.6672284191419
"MI","ngtb_X1",11.6608246079895
"MI","ngtb_X2",11.552749599444
"MI","ngtb_X3",14.0664896261435
"MI","nuc_X",131.239238520201
"MI","oth_X",1.23992620912712
"MI","slr_X",20.6915296
"MI","stog_X2",0
"MI","wnd_X",47.6538110132439
"MN","bio_X",199.10696074394
"MN","col_X1",84.1555673613064
"MN","col_X2",57.5935986100923
"MN","col_X3",84.0549581871153
"MN","hyd_X",92.6869600575012
"MN","msw_X",2.24806193192585
"MN","ngcc_X1",12.8993447349034
"MN","ngtb_X1",12.2097439405981
"MN","ngtb_X2",14.9756466105549
"MN","ngtb_X3",25.2549606241033
"MN","nuc_X",131.239238499359
"MN","oth_X",12.3663853949217
"MN","slr_X",20.6915295998196
"MN","wnd_X",47.6538110157113
"MO","bio_X",136.630741013133
"MO","col_X1",48.54900745734
"MO","col_X2",61.3183659393226
"MO","col_X3",67.5512968658276
"MO","hyd_X",92.6869600498024
"MO","ngcc_X1",13.0395294443149
"MO","ngtb_X1",15.8293954286749
"MO","ngtb_X2",11.9521273658981
"MO","ngtb_X3",17.5197450934938
"MO","nuc_X",131.239238469008
"MO","oth_X",0
"MO","slr_X",20.6915295987118
"MO","stog_X1",0
"MO","stog_X2",0
"MO","wnd_X",47.6538110101105
"MS","bio_X",295.469705196141
"MS","col_X1",79.4557977234727
"MS","col_X2",113.734401690231
"MS","col_X3",65.2047416111375
"MS","ngcc_X1",13.0166702263856
"MS","ngcc_X2",20.6877785203252
"MS","ngcc_X3",24.7522524
"MS","ngtb_X1",11.0474590703596
"MS","ngtb_X2",11.047459067244
"MS","ngtb_X3",11.6545736514653
"MS","nuc_X",131.239238472222
"MS","slr_X",20.691529598166
"MT","bio_X",135.638077
"MT","col_X1",121.2093735025
"MT","col_X2",57.8132805847302
"MT","col_X3",61.6815101935788
"MT","hyd_X",92.686960052501
"MT","ngtb_X1",11.0474590670148
"MT","ngtb_X2",11.0474590683441
"MT","ngtb_X3",19.4459775294586
"MT","slr_X",20.6915296
"MT","wnd_X",47.6538110142482
"NC","bio_X",203.342641192974
"NC","col_X1",88.7844469159662
"NC","col_X2",62.5864925285248
"NC","col_X3",79.0285091457996
"NC","hyd_X",91.2335091071996
"NC","msw_X",1.19017062222222
"NC","ngcc_X1",12.801335745247
"NC","ngcc_X3",38.1472219518722
"NC","ngtb_X1",11.0702291175195
"NC","ngtb_X2",13.9199756954039
"NC","ngtb_X3",11.8829289040471
"NC","nuc_X",131.239238511873
"NC","oth_X",0
"NC","slr_X",20.6915295998978
"NC","wnd_X",47.6538110144231
"ND","bio_X",135.638077040816
"ND","col_X1",163.890083928097
"ND","col_X2",132.627836448338
"ND","col_X3",63.4710780644898
"ND","hyd_X",92.6869600445663
"ND","ngtb_X1",11.047459066506
"ND","ngtb_X3",12.968305710271
"ND","wnd_X",47.6538110148244
"NE","col_X1",42.9796243924051
"NE","col_X2",46.1561241999127
"NE","col_X3",100.19946125708
"NE","hyd_X",92.6869600348802
"NE","ngcc_X1",12.6692811355085
"NE","ngtb_X1",20.6357578891705
"NE","ngtb_X2",15.2671374472125
"NE","ngtb_X3",17.0065722432331
"NE","nuc_X",131.239238451935
"NE","slr_X",18.7685249910781
"NE","wnd_X",47.6538110151095
"NH","bio_X",137.058856597434
"NH","col_X1",42.9796243857143
"NH","col_X2",79.6068859320557
"NH","col_X3",187.011846056915
"NH","hyd_X",92.6869600651749
"NH","msw_X",2.84563680028571
"NH","ngcc_X1",12.6734120028592
"NH","ngtb_X1",21.0790598294253
"NH","ngtb_X3",17.0253860328215
"NH","nuc_X",131.239238486312
"NH","wnd_X",47.6538110158804
"NJ","col_X1",43.1501443974659
"NJ","col_X2",55.5643979929825
"NJ","col_X3",55.8511676021461
"NJ","hyd_X",92.6869600813008
"NJ","msw_X",2.86449081704518
"NJ","ngcc_X1",13.0460462851368
"NJ","ngcc_X2",17.137686228827
"NJ","ngtb_X1",11.1884904599813
"NJ","ngtb_X2",15.6711486243515
"NJ","ngtb_X3",18.5208256047701
"NJ","nuc_X",131.239238493954
"NJ","oth_X",0
"NJ","slr_X",20.6915296
"NJ","stog_X2",0
"NJ","wnd_X",47.6538110133333
"NM","col_X1",59.6682791608135
"NM","col_X2",60.993055525641
"NM","col_X3",84.2907837526754
"NM","geo_X",200.140783645833
"NM","hyd_X",92.6869600539877
"NM","ngcc_X1",12.8775513225329
"NM","ngcc_X2",12.8411384853333
"NM","ngtb_X1",11.0474590670293
"NM","ngtb_X2",11.7776752769558
"NM","ngtb_X3",19.7179587303993
"NM","oth_X",0
"NM","slr_X",20.6915296003261
"NM","wnd_X",47.6538110127953
"NV","col_X1",42.9796243866667
"NV","col_X2",112.90299145871
"NV","col_X3",56.5054205984655
"NV","geo_X",192.266888963799
"NV","hyd_X",92.686960053792
"NV","ngcc_X1",12.8336334532635
"NV","ngtb_X1",11.047459064915
"NV","ngtb_X2",11.0474590671126
"NV","ngtb_X3",11.0474590666667
"NV","slr_X",22.4219850665139
"NV","wnd_X",47.6538110133333
"NY","bio_X",212.966985519747
"NY","col_X1",80.7067978662718
"NY","col_X2",74.6274597188743
"NY","col_X3",95.1645655509046
"NY","hyd_X",92.6869600615573
"NY","msw_X",2.5567066511104
"NY","ngcc_X1",12.8601606070573
"NY","ngtb_X1",11.2108840942163
"NY","ngtb_X2",12.3824106981267
"NY","ngtb_X3",19.1308738767368
"NY","nuc_X",131.239238508425
"NY","oth_X",0
"NY","slr_X",20.6915295999043
"NY","stog_X2",0
"NY","wnd_X",47.6538110172459
"OH","bio_X",274.877455435
"OH","col_X1",95.8363203424799
"OH","col_X2",103.818283800348
"OH","col_X3",84.4349656294304
"OH","hyd_X",92.6869600510535
"OH","msw_X",27.9680722413793
"OH","ngcc_X1",12.9613807995388
"OH","ngcc_X3",12.8426725933739
"OH","ngtb_X1",11.2120024811821
"OH","ngtb_X2",17.0495020039809
"OH","ngtb_X3",14.3133393819595
"OH","nuc_X",131.239238510372
"OH","oth_X",0
"OH","slr_X",20.6915296004082
"OH","wnd_X",47.6538110208241
"OK","bio_X",271.619641073529
"OK","col_X1",98.2387277519115
"OK","col_X2",74.1329366232025
"OK","col_X3",100.830851217476
"OK","hyd_X",92.6869600537044
"OK","msw_X",1.0880574109024
"OK","ngcc_X1",13.3453611578792
"OK","ngtb_X1",14.9209214797039
"OK","ngtb_X2",11.9028643246065
"OK","ngtb_X3",11.7011483068433
"OK","slr_X",20.6915296
"OK","stog_X2",0
"OK","wnd_X",47.6538110138911
"OR","bio_X",154.312046678223
"OR","col_X1",69.6350397940594
"OR","col_X2",44.74785852805
"OR","col_X3",44.4024427938931
"OR","geo_X",200.140783666667
"OR","hyd_X",92.6869600518129
"OR","msw_X",2.8456368
"OR","ngcc_X1",14.5353928306121
"OR","ngtb_X1",11.2698911308305
"OR","ngtb_X2",11.04745906602
"OR","ngtb_X3",11.04745906875
"OR","oth_X",0
"OR","slr_X",20.6915295983529
"OR","wnd_X",47.6538110125883
"PA","bio_X",185.620755478231
"PA","col_X1",126.968417327923
"PA","col_X2",118.497807363032
"PA","col_X3",75.9330613915141
"PA","hyd_X",92.6869600508972
"PA","msw_X",11.4471465481173
"PA","ngcc_X1",13.0629742285097
"PA","ngcc_X2",12.6672284216867
"PA","ngtb_X1",11.2688228214699
"PA","ngtb_X2",17.3898757782706
"PA","ngtb_X3",15.6631585090286
"PA","nuc_X",131.239238507375
"PA","oth_X",3.35740957763158
"PA","slr_X",20.691529600489
"PA","stog_X2",0
"PA","wnd_X",47.6538110137351
"RI","col_X1",86.0917957423077
"RI","col_X2",0
"RI","hyd_X",92.6869600625
"RI","ngcc_X1",12.6801328801789
"RI","ngtb_X1",11.0474590692414
"RI","ngtb_X3",11.0474590674074
"RI","slr_X",20.6915296
"RI","wnd_X",79.3892328152381
"SC","bio_X",205.387202482771
"SC","col_X1",123.044990457413
"SC","col_X2",84.8514394294938
"SC","col_X3",59.3160424697845
"SC","hyd_X",91.8657524868577
"SC","msw_X",12.4401538550687
"SC","ngcc_X1",12.7146588776147
"SC","ngtb_X1",19.9479137602611
"SC","ngtb_X2",12.456289040667
"SC","ngtb_X3",17.680099723548
"SC","nuc_X",131.239238498349
"SC","oth_X",0
"SC","slr_X",20.6915295991641
"SC","stog_X2",0
"SD","col_X2",59.5278169263668
"SD","hyd_X",92.6869600583596
"SD","ngcc_X1",12.7422164595679
"SD","ngtb_X1",11.0474590683991
"SD","ngtb_X2",11.273593033972
"SD","ngtb_X3",15.8296609915082
"SD","slr_X",20.6915296
"SD","wnd_X",47.6538110114943
"TN","bio_X",273.33432178783
"TN","col_X1",80.4499641106463
"TN","col_X2",164.008330230441
"TN","hyd_X",92.6869600501118
"TN","msw_X",0.992664
"TN","ngcc_X1",13.1693858700671
"TN","ngtb_X1",11.047459068266
"TN","ngtb_X2",11.0474590711193
"TN","ngtb_X3",15.3992954504732
"TN","nuc_X",131.239238515901
"TN","oth_X",1.72724735080976
"TN","slr_X",20.6915296015259
"TN","stog_X2",0
"TN","wnd_X",47.653811
"TX","bio_X",211.072785793742
"TX","col_X1",54.414825848973
"TX","col_X2",94.5228999478178
"TX","col_X3",70.3672173844957
"TX","hyd_X",92.6869600589403
"TX","msw_X",0.173910065395833
"TX","ngcc_X1",13.4167916546278
"TX","ngcc_X2",12.6855244660094
"TX","ngcc_X3",12.66722841875
"TX","ngtb_X1",12.4225816695779
"TX","ngtb_X2",12.2561167451501
"TX","ngtb_X3",14.6062962456624
"TX","nuc_X",131.239238508543
"TX","oth_X",23.4247514621514
"TX","slr_X",20.6915295998851
"TX","wnd_X",47.6538110136382
"UT","col_X1",152.085473046036
"UT","col_X2",54.7608745054592
"UT","col_X3",77.325631945433
"UT","geo_X",174.182613687351
"UT","hyd_X",92.6869600702948
"UT","ngcc_X1",12.6686332282889
"UT","ngtb_X1",11.0474590685251
"UT","ngtb_X2",16.4715235223496
"UT","ngtb_X3",11.487361992775
"UT","oth_X",0
"UT","slr_X",20.6915296002182
"UT","wnd_X",47.6538110173364
"VA","bio_X",174.352312579226
"VA","col_X1",269.797663992049
"VA","col_X2",77.1881674910857
"VA","col_X3",121.61474544162
"VA","hyd_X",92.6869600519106
"VA","msw_X",27.0129734676995
"VA","ngcc_X1",13.0630127699537
"VA","ngtb_X1",11.1509448057766
"VA","ngtb_X2",11.1133544021485
"VA","ngtb_X3",14.369254652849
"VA","nuc_X",131.239238507005
"VA","oth_X",10.687611
"VA","slr_X",20.691529599968
"VA","stog_X2",0
"VT","bio_X",136.722297400485
"VT","col_X1",85.9592487607143
"VT","hyd_X",92.6869600548198
"VT","ngtb_X1",12.9992556615741
"VT","ngtb_X3",16.3588551378225
"VT","oth_X",0
"VT","slr_X",20.691529599665
"VT","wnd_X",47.6538110152318
"WA","bio_X",218.979332641429
"WA","col_X1",199.873682278206
"WA","col_X2",60.41853419412
"WA","hyd_X",92.6768570190682
"WA","msw_X",2.84563679961538
"WA","ngcc_X1",12.7992999709591
"WA","ngtb_X1",19.4639973640872
"WA","ngtb_X2",11.9744734619069
"WA","ngtb_X3",16.4987978439886
"WA","nuc_X",131.2392385
"WA","oth_X",25.8800918895349
"WA","slr_X",20.6915295989848
"WA","stog_X1",0
"WA","wnd_X",47.6538110136538
"WI","bio_X",189.075922720831
"WI","col_X1",110.739230269521
"WI","col_X2",65.4471197742563
"WI","col_X3",111.605199743356
"WI","hyd_X",92.686960053839
"WI","msw_X",1.61978070049918
"WI","ngcc_X1",12.7496189910947
"WI","ngtb_X1",12.0324442287891
"WI","ngtb_X2",12.6837108614279
"WI","ngtb_X3",19.6423300349396
"WI","nuc_X",131.239238491446
"WI","oth_X",23.6209614551471
"WI","slr_X",20.6915296
"WI","wnd_X",47.653811014834
"WV","col_X1",59.3089410562495
"WV","col_X2",64.2973043945866
"WV","col_X3",48.0863291954023
"WV","hyd_X",92.686960050054
"WV","ngtb_X1",11.0474590668605
"WV","ngtb_X2",11.047459068088
"WV","ngtb_X3",21.5871606756757
"WV","oth_X",0
"WV","wnd_X",47.653811018505
"WY","col_X1",91.4477523572533
"WY","col_X2",112.685026806028
"WY","col_X3",63.4413287343294
"WY","hyd_X",92.6869600523525
"WY","ngcc_X1",12.667228419
"WY","ngtb_X1",17.7598392585654
"WY","ngtb_X2",11.6200384305835
"WY","ngtb_X3",11.0474590666667
"WY","oth_X",80.4602690869565
"WY","slr_X",20.6915295978261
"WY","wnd_X",47.6538110158749
"CT","col_N",48.9
"MA","col_N",48.9
"ME","col_N",48.9
"NH","col_N",48.9
"RI","col_N",48.9
"VT","col_N",48.9
"CT","col_Nccs",63.21
"MA","col_Nccs",63.21
"ME","col_Nccs",63.21
"NH","col_Nccs",63.21
"RI","col_Nccs",63.21
"VT","col_Nccs",63.21
"CT","ngcc_N",14.62
"MA","ngcc_N",14.62
"ME","ngcc_N",14.62
"NH","ngcc_N",14.62
"RI","ngcc_N",14.62
"VT","ngcc_N",14.62
"CT","ngcc_Nccs",30.25
"MA","ngcc_Nccs",30.25
"ME","ngcc_Nccs",30.25
"NH","ngcc_Nccs",30.25
"RI","ngcc_Nccs",30.25
"VT","ngcc_Nccs",30.25
"CT","ngtb_N",6.7
"MA","ngtb_N",6.7
"ME","ngtb_N",6.7
"NH","ngtb_N",6.7
"RI","ngtb_N",6.7
"VT","ngtb_N",6.7
"CT","nuc_N",88.75
"MA","nuc_N",88.75
"ME","nuc_N",88.75
"NH","nuc_N",88.75
"RI","nuc_N",88.75
"VT","nuc_N",88.75
"CT","bio_N",100.5
"MA","bio_N",100.5
"ME","bio_N",100.5
"NH","bio_N",100.5
"RI","bio_N",100.5
"VT","bio_N",100.5
"CT","lfg_N_hi",373.76
"MA","lfg_N_hi",373.76
"ME","lfg_N_hi",373.76
"NH","lfg_N_hi",373.76
"RI","lfg_N_hi",373.76
"VT","lfg_N_hi",373.76
"CT","lfg_N_lo",373.76
"MA","lfg_N_lo",373.76
"ME","lfg_N_lo",373.76
"NH","lfg_N_lo",373.76
"RI","lfg_N_lo",373.76
"VT","lfg_N_lo",373.76
"CT","lfg_N_vl",373.76
"MA","lfg_N_vl",373.76
"ME","lfg_N_vl",373.76
"NH","lfg_N_vl",373.76
"RI","lfg_N_vl",373.76
"VT","lfg_N_vl",373.76
"CT","fc_N",5.778270638
"MA","fc_N",5.778270638
"ME","fc_N",5.778270638
"NH","fc_N",5.778270638
"RI","fc_N",5.778270638
"VT","fc_N",5.778270638
"CT","slrPV_N",16.7
"MA","slrPV_N",16.7
"ME","slrPV_N",16.7
"NH","slrPV_N",16.7
"RI","slrPV_N",16.7
"VT","slrPV_N",16.7
"CT","slrCSP_N",64
"MA","slrCSP_N",64
"ME","slrCSP_N",64
"NH","slrCSP_N",64
"RI","slrCSP_N",64
"VT","slrCSP_N",64
"CT","wnd_Nonsh_3",28.07
"MA","wnd_Nonsh_3",28.07
"ME","wnd_Nonsh_3",28.07
"NH","wnd_Nonsh_3",28.07
"RI","wnd_Nonsh_3",28.07
"VT","wnd_Nonsh_3",28.07
"CT","wnd_Nonsh_4",28.07
"MA","wnd_Nonsh_4",28.07
"ME","wnd_Nonsh_4",28.07
"NH","wnd_Nonsh_4",28.07
"RI","wnd_Nonsh_4",28.07
"VT","wnd_Nonsh_4",28.07
"CT","wnd_Nonsh_5",28.07
"MA","wnd_Nonsh_5",28.07
"ME","wnd_Nonsh_5",28.07
"NH","wnd_Nonsh_5",28.07
"RI","wnd_Nonsh_5",28.07
"VT","wnd_Nonsh_5",28.07
"CT","wnd_Nonsh_6",28.07
"MA","wnd_Nonsh_6",28.07
"ME","wnd_Nonsh_6",28.07
"NH","wnd_Nonsh_6",28.07
"RI","wnd_Nonsh_6",28.07
"VT","wnd_Nonsh_6",28.07
"CT","wnd_Nonsh_7",28.07
"MA","wnd_Nonsh_7",28.07
"ME","wnd_Nonsh_7",28.07
"NH","wnd_Nonsh_7",28.07
"RI","wnd_Nonsh_7",28.07
"VT","wnd_Nonsh_7",28.07
"CT","wnd_Nshal_3",53.33
"MA","wnd_Nshal_3",53.33
"ME","wnd_Nshal_3",53.33
"NH","wnd_Nshal_3",53.33
"RI","wnd_Nshal_3",53.33
"VT","wnd_Nshal_3",53.33
"CT","wnd_Nshal_4",53.33
"MA","wnd_Nshal_4",53.33
"ME","wnd_Nshal_4",53.33
"NH","wnd_Nshal_4",53.33
"RI","wnd_Nshal_4",53.33
"VT","wnd_Nshal_4",53.33
"CT","wnd_Nshal_5",53.33
"MA","wnd_Nshal_5",53.33
"ME","wnd_Nshal_5",53.33
"NH","wnd_Nshal_5",53.33
"RI","wnd_Nshal_5",53.33
"VT","wnd_Nshal_5",53.33
"CT","wnd_Nshal_6",53.33
"MA","wnd_Nshal_6",53.33
"ME","wnd_Nshal_6",53.33
"NH","wnd_Nshal_6",53.33
"RI","wnd_Nshal_6",53.33
"VT","wnd_Nshal_6",53.33
"CT","wnd_Nshal_7",53.33
"MA","wnd_Nshal_7",53.33
"ME","wnd_Nshal_7",53.33
"NH","wnd_Nshal_7",53.33
"RI","wnd_Nshal_7",53.33
"VT","wnd_Nshal_7",53.33
"CT","wnd_Ndeep_3",53.33
"MA","wnd_Ndeep_3",53.33
"ME","wnd_Ndeep_3",53.33
"NH","wnd_Ndeep_3",53.33
"RI","wnd_Ndeep_3",53.33
"VT","wnd_Ndeep_3",53.33
"CT","wnd_Ndeep_4",53.33
"MA","wnd_Ndeep_4",53.33
"ME","wnd_Ndeep_4",53.33
"NH","wnd_Ndeep_4",53.33
"RI","wnd_Ndeep_4",53.33
"VT","wnd_Ndeep_4",53.33
"CT","wnd_Ndeep_5",53.33
"MA","wnd_Ndeep_5",53.33
"ME","wnd_Ndeep_5",53.33
"NH","wnd_Ndeep_5",53.33
"RI","wnd_Ndeep_5",53.33
"VT","wnd_Ndeep_5",53.33
"CT","wnd_Ndeep_6",53.33
"MA","wnd_Ndeep_6",53.33
"ME","wnd_Ndeep_6",53.33
"NH","wnd_Ndeep_6",53.33
"RI","wnd_Ndeep_6",53.33
"VT","wnd_Ndeep_6",53.33
"CT","wnd_Ndeep_7",53.33
"MA","wnd_Ndeep_7",53.33
"ME","wnd_Ndeep_7",53.33
"NH","wnd_Ndeep_7",53.33
"RI","wnd_Ndeep_7",53.33
"VT","wnd_Ndeep_7",53.33
"NY","col_N",48.9
"NY","col_Nccs",63.21
"NY","ngcc_N",14.62
"NY","ngcc_Nccs",30.25
"NY","ngtb_N",6.7
"NY","nuc_N",88.75
"NY","bio_N",100.5
"NY","lfg_N_hi",373.76
"NY","lfg_N_lo",373.76
"NY","lfg_N_vl",373.76
"NY","fc_N",5.778270638
"NY","slrPV_N",16.7
"NY","slrCSP_N",64
"NY","wnd_Nonsh_3",28.07
"NY","wnd_Nonsh_4",28.07
"NY","wnd_Nonsh_5",28.07
"NY","wnd_Nonsh_6",28.07
"NY","wnd_Nonsh_7",28.07
"NY","wnd_Nshal_3",53.33
"NY","wnd_Nshal_4",53.33
"NY","wnd_Nshal_5",53.33
"NY","wnd_Nshal_6",53.33
"NY","wnd_Nshal_7",53.33
"NY","wnd_Ndeep_3",53.33
"NY","wnd_Ndeep_4",53.33
"NY","wnd_Ndeep_5",53.33
"NY","wnd_Ndeep_6",53.33
"NY","wnd_Ndeep_7",53.33
"NJ","col_N",48.9
"PA","col_N",48.9
"NJ","col_Nccs",63.21
"PA","col_Nccs",63.21
"NJ","ngcc_N",14.62
"PA","ngcc_N",14.62
"NJ","ngcc_Nccs",30.25
"PA","ngcc_Nccs",30.25
"NJ","ngtb_N",6.7
"PA","ngtb_N",6.7
"NJ","nuc_N",88.75
"PA","nuc_N",88.75
"NJ","bio_N",100.5
"PA","bio_N",100.5
"NJ","lfg_N_hi",373.76
"PA","lfg_N_hi",373.76
"NJ","lfg_N_lo",373.76
"PA","lfg_N_lo",373.76
"NJ","lfg_N_vl",373.76
"PA","lfg_N_vl",373.76
"NJ","fc_N",5.778270638
"PA","fc_N",5.778270638
"NJ","slrPV_N",16.7
"PA","slrPV_N",16.7
"NJ","slrCSP_N",64
"PA","slrCSP_N",64
"NJ","wnd_Nonsh_3",28.07
"PA","wnd_Nonsh_3",28.07
"NJ","wnd_Nonsh_4",28.07
"PA","wnd_Nonsh_4",28.07
"NJ","wnd_Nonsh_5",28.07
"PA","wnd_Nonsh_5",28.07
"NJ","wnd_Nonsh_6",28.07
"PA","wnd_Nonsh_6",28.07
"NJ","wnd_Nonsh_7",28.07
"PA","wnd_Nonsh_7",28.07
"NJ","wnd_Nshal_3",53.33
"PA","wnd_Nshal_3",53.33
"NJ","wnd_Nshal_4",53.33
"PA","wnd_Nshal_4",53.33
"NJ","wnd_Nshal_5",53.33
"PA","wnd_Nshal_5",53.33
"NJ","wnd_Nshal_6",53.33
"PA","wnd_Nshal_6",53.33
"NJ","wnd_Nshal_7",53.33
"PA","wnd_Nshal_7",53.33
"NJ","wnd_Ndeep_3",53.33
"PA","wnd_Ndeep_3",53.33
"NJ","wnd_Ndeep_4",53.33
"PA","wnd_Ndeep_4",53.33
"NJ","wnd_Ndeep_5",53.33
"PA","wnd_Ndeep_5",53.33
"NJ","wnd_Ndeep_6",53.33
"PA","wnd_Ndeep_6",53.33
"NJ","wnd_Ndeep_7",53.33
"PA","wnd_Ndeep_7",53.33
"IL","col_N",48.9
"IN","col_N",48.9
"MI","col_N",48.9
"OH","col_N",48.9
"WI","col_N",48.9
"IL","col_Nccs",63.21
"IN","col_Nccs",63.21
"MI","col_Nccs",63.21
"OH","col_Nccs",63.21
"WI","col_Nccs",63.21
"IL","ngcc_N",14.62
"IN","ngcc_N",14.62
"MI","ngcc_N",14.62
"OH","ngcc_N",14.62
"WI","ngcc_N",14.62
"IL","ngcc_Nccs",30.25
"IN","ngcc_Nccs",30.25
"MI","ngcc_Nccs",30.25
"OH","ngcc_Nccs",30.25
"WI","ngcc_Nccs",30.25
"IL","ngtb_N",6.7
"IN","ngtb_N",6.7
"MI","ngtb_N",6.7
"OH","ngtb_N",6.7
"WI","ngtb_N",6.7
"IL","nuc_N",88.75
"IN","nuc_N",88.75
"MI","nuc_N",88.75
"OH","nuc_N",88.75
"WI","nuc_N",88.75
"IL","bio_N",100.5
"IN","bio_N",100.5
"MI","bio_N",100.5
"OH","bio_N",100.5
"WI","bio_N",100.5
"IL","lfg_N_hi",373.76
"IN","lfg_N_hi",373.76
"MI","lfg_N_hi",373.76
"OH","lfg_N_hi",373.76
"WI","lfg_N_hi",373.76
"IL","lfg_N_lo",373.76
"IN","lfg_N_lo",373.76
"MI","lfg_N_lo",373.76
"OH","lfg_N_lo",373.76
"WI","lfg_N_lo",373.76
"IL","lfg_N_vl",373.76
"IN","lfg_N_vl",373.76
"MI","lfg_N_vl",373.76
"OH","lfg_N_vl",373.76
"WI","lfg_N_vl",373.76
"IL","fc_N",5.778270638
"IN","fc_N",5.778270638
"MI","fc_N",5.778270638
"OH","fc_N",5.778270638
"WI","fc_N",5.778270638
"IL","slrPV_N",16.7
"IN","slrPV_N",16.7
"MI","slrPV_N",16.7
"OH","slrPV_N",16.7
"WI","slrPV_N",16.7
"IL","slrCSP_N",64
"IN","slrCSP_N",64
"MI","slrCSP_N",64
"OH","slrCSP_N",64
"WI","slrCSP_N",64
"IL","wnd_Nonsh_3",28.07
"IN","wnd_Nonsh_3",28.07
"MI","wnd_Nonsh_3",28.07
"OH","wnd_Nonsh_3",28.07
"WI","wnd_Nonsh_3",28.07
"IL","wnd_Nonsh_4",28.07
"IN","wnd_Nonsh_4",28.07
"MI","wnd_Nonsh_4",28.07
"OH","wnd_Nonsh_4",28.07
"WI","wnd_Nonsh_4",28.07
"IL","wnd_Nonsh_5",28.07
"IN","wnd_Nonsh_5",28.07
"MI","wnd_Nonsh_5",28.07
"OH","wnd_Nonsh_5",28.07
"WI","wnd_Nonsh_5",28.07
"IL","wnd_Nonsh_6",28.07
"IN","wnd_Nonsh_6",28.07
"MI","wnd_Nonsh_6",28.07
"OH","wnd_Nonsh_6",28.07
"WI","wnd_Nonsh_6",28.07
"IL","wnd_Nonsh_7",28.07
"IN","wnd_Nonsh_7",28.07
"MI","wnd_Nonsh_7",28.07
"OH","wnd_Nonsh_7",28.07
"WI","wnd_Nonsh_7",28.07
"IL","wnd_Nshal_3",53.33
"IN","wnd_Nshal_3",53.33
"MI","wnd_Nshal_3",53.33
"OH","wnd_Nshal_3",53.33
"WI","wnd_Nshal_3",53.33
"IL","wnd_Nshal_4",53.33
"IN","wnd_Nshal_4",53.33
"MI","wnd_Nshal_4",53.33
"OH","wnd_Nshal_4",53.33
"WI","wnd_Nshal_4",53.33
"IL","wnd_Nshal_5",53.33
"IN","wnd_Nshal_5",53.33
"MI","wnd_Nshal_5",53.33
"OH","wnd_Nshal_5",53.33
"WI","wnd_Nshal_5",53.33
"IL","wnd_Nshal_6",53.33
"IN","wnd_Nshal_6",53.33
"MI","wnd_Nshal_6",53.33
"OH","wnd_Nshal_6",53.33
"WI","wnd_Nshal_6",53.33
"IL","wnd_Nshal_7",53.33
"IN","wnd_Nshal_7",53.33
"MI","wnd_Nshal_7",53.33
"OH","wnd_Nshal_7",53.33
"WI","wnd_Nshal_7",53.33
"IL","wnd_Ndeep_3",53.33
"IN","wnd_Ndeep_3",53.33
"MI","wnd_Ndeep_3",53.33
"OH","wnd_Ndeep_3",53.33
"WI","wnd_Ndeep_3",53.33
"IL","wnd_Ndeep_4",53.33
"IN","wnd_Ndeep_4",53.33
"MI","wnd_Ndeep_4",53.33
"OH","wnd_Ndeep_4",53.33
"WI","wnd_Ndeep_4",53.33
"IL","wnd_Ndeep_5",53.33
"IN","wnd_Ndeep_5",53.33
"MI","wnd_Ndeep_5",53.33
"OH","wnd_Ndeep_5",53.33
"WI","wnd_Ndeep_5",53.33
"IL","wnd_Ndeep_6",53.33
"IN","wnd_Ndeep_6",53.33
"MI","wnd_Ndeep_6",53.33
"OH","wnd_Ndeep_6",53.33
"WI","wnd_Ndeep_6",53.33
"IL","wnd_Ndeep_7",53.33
"IN","wnd_Ndeep_7",53.33
"MI","wnd_Ndeep_7",53.33
"OH","wnd_Ndeep_7",53.33
"WI","wnd_Ndeep_7",53.33
"IA","col_N",48.9
"KS","col_N",48.9
"MN","col_N",48.9
"MO","col_N",48.9
"ND","col_N",48.9
"NE","col_N",48.9
"SD","col_N",48.9
"IA","col_Nccs",63.21
"KS","col_Nccs",63.21
"MN","col_Nccs",63.21
"MO","col_Nccs",63.21
"ND","col_Nccs",63.21
"NE","col_Nccs",63.21
"SD","col_Nccs",63.21
"IA","ngcc_N",14.62
"KS","ngcc_N",14.62
"MN","ngcc_N",14.62
"MO","ngcc_N",14.62
"ND","ngcc_N",14.62
"NE","ngcc_N",14.62
"SD","ngcc_N",14.62
"IA","ngcc_Nccs",30.25
"KS","ngcc_Nccs",30.25
"MN","ngcc_Nccs",30.25
"MO","ngcc_Nccs",30.25
"ND","ngcc_Nccs",30.25
"NE","ngcc_Nccs",30.25
"SD","ngcc_Nccs",30.25
"IA","ngtb_N",6.7
"KS","ngtb_N",6.7
"MN","ngtb_N",6.7
"MO","ngtb_N",6.7
"ND","ngtb_N",6.7
"NE","ngtb_N",6.7
"SD","ngtb_N",6.7
"IA","nuc_N",88.75
"KS","nuc_N",88.75
"MN","nuc_N",88.75
"MO","nuc_N",88.75
"ND","nuc_N",88.75
"NE","nuc_N",88.75
"SD","nuc_N",88.75
"IA","bio_N",100.5
"KS","bio_N",100.5
"MN","bio_N",100.5
"MO","bio_N",100.5
"ND","bio_N",100.5
"NE","bio_N",100.5
"SD","bio_N",100.5
"IA","lfg_N_hi",373.76
"KS","lfg_N_hi",373.76
"MN","lfg_N_hi",373.76
"MO","lfg_N_hi",373.76
"ND","lfg_N_hi",373.76
"NE","lfg_N_hi",373.76
"SD","lfg_N_hi",373.76
"IA","lfg_N_lo",373.76
"KS","lfg_N_lo",373.76
"MN","lfg_N_lo",373.76
"MO","lfg_N_lo",373.76
"ND","lfg_N_lo",373.76
"NE","lfg_N_lo",373.76
"SD","lfg_N_lo",373.76
"IA","lfg_N_vl",373.76
"KS","lfg_N_vl",373.76
"MN","lfg_N_vl",373.76
"MO","lfg_N_vl",373.76
"ND","lfg_N_vl",373.76
"NE","lfg_N_vl",373.76
"SD","lfg_N_vl",373.76
"IA","fc_N",5.778270638
"KS","fc_N",5.778270638
"MN","fc_N",5.778270638
"MO","fc_N",5.778270638
"ND","fc_N",5.778270638
"NE","fc_N",5.778270638
"SD","fc_N",5.778270638
"IA","geo_N_1",185.1
"KS","geo_N_1",185.1
"MN","geo_N_1",185.1
"MO","geo_N_1",185.1
"ND","geo_N_1",185.1
"NE","geo_N_1",185.1
"SD","geo_N_1",185.1
"IA","slrPV_N",16.7
"KS","slrPV_N",16.7
"MN","slrPV_N",16.7
"MO","slrPV_N",16.7
"ND","slrPV_N",16.7
"NE","slrPV_N",16.7
"SD","slrPV_N",16.7
"IA","slrCSP_N",64
"KS","slrCSP_N",64
"MN","slrCSP_N",64
"MO","slrCSP_N",64
"ND","slrCSP_N",64
"NE","slrCSP_N",64
"SD","slrCSP_N",64
"IA","wnd_Nonsh_3",28.07
"KS","wnd_Nonsh_3",28.07
"MN","wnd_Nonsh_3",28.07
"MO","wnd_Nonsh_3",28.07
"ND","wnd_Nonsh_3",28.07
"NE","wnd_Nonsh_3",28.07
"SD","wnd_Nonsh_3",28.07
"IA","wnd_Nonsh_4",28.07
"KS","wnd_Nonsh_4",28.07
"MN","wnd_Nonsh_4",28.07
"MO","wnd_Nonsh_4",28.07
"ND","wnd_Nonsh_4",28.07
"NE","wnd_Nonsh_4",28.07
"SD","wnd_Nonsh_4",28.07
"IA","wnd_Nonsh_5",28.07
"KS","wnd_Nonsh_5",28.07
"MN","wnd_Nonsh_5",28.07
"MO","wnd_Nonsh_5",28.07
"ND","wnd_Nonsh_5",28.07
"NE","wnd_Nonsh_5",28.07
"SD","wnd_Nonsh_5",28.07
"IA","wnd_Nonsh_6",28.07
"KS","wnd_Nonsh_6",28.07
"MN","wnd_Nonsh_6",28.07
"MO","wnd_Nonsh_6",28.07
"ND","wnd_Nonsh_6",28.07
"NE","wnd_Nonsh_6",28.07
"SD","wnd_Nonsh_6",28.07
"IA","wnd_Nonsh_7",28.07
"KS","wnd_Nonsh_7",28.07
"MN","wnd_Nonsh_7",28.07
"MO","wnd_Nonsh_7",28.07
"ND","wnd_Nonsh_7",28.07
"NE","wnd_Nonsh_7",28.07
"SD","wnd_Nonsh_7",28.07
"IA","wnd_Nshal_3",53.33
"KS","wnd_Nshal_3",53.33
"MN","wnd_Nshal_3",53.33
"MO","wnd_Nshal_3",53.33
"ND","wnd_Nshal_3",53.33
"NE","wnd_Nshal_3",53.33
"SD","wnd_Nshal_3",53.33
"IA","wnd_Nshal_4",53.33
"KS","wnd_Nshal_4",53.33
"MN","wnd_Nshal_4",53.33
"MO","wnd_Nshal_4",53.33
"ND","wnd_Nshal_4",53.33
"NE","wnd_Nshal_4",53.33
"SD","wnd_Nshal_4",53.33
"IA","wnd_Nshal_5",53.33
"KS","wnd_Nshal_5",53.33
"MN","wnd_Nshal_5",53.33
"MO","wnd_Nshal_5",53.33
"ND","wnd_Nshal_5",53.33
"NE","wnd_Nshal_5",53.33
"SD","wnd_Nshal_5",53.33
"IA","wnd_Nshal_6",53.33
"KS","wnd_Nshal_6",53.33
"MN","wnd_Nshal_6",53.33
"MO","wnd_Nshal_6",53.33
"ND","wnd_Nshal_6",53.33
"NE","wnd_Nshal_6",53.33
"SD","wnd_Nshal_6",53.33
"IA","wnd_Nshal_7",53.33
"KS","wnd_Nshal_7",53.33
"MN","wnd_Nshal_7",53.33
"MO","wnd_Nshal_7",53.33
"ND","wnd_Nshal_7",53.33
"NE","wnd_Nshal_7",53.33
"SD","wnd_Nshal_7",53.33
"IA","wnd_Ndeep_3",53.33
"KS","wnd_Ndeep_3",53.33
"MN","wnd_Ndeep_3",53.33
"MO","wnd_Ndeep_3",53.33
"ND","wnd_Ndeep_3",53.33
"NE","wnd_Ndeep_3",53.33
"SD","wnd_Ndeep_3",53.33
"IA","wnd_Ndeep_4",53.33
"KS","wnd_Ndeep_4",53.33
"MN","wnd_Ndeep_4",53.33
"MO","wnd_Ndeep_4",53.33
"ND","wnd_Ndeep_4",53.33
"NE","wnd_Ndeep_4",53.33
"SD","wnd_Ndeep_4",53.33
"IA","wnd_Ndeep_5",53.33
"KS","wnd_Ndeep_5",53.33
"MN","wnd_Ndeep_5",53.33
"MO","wnd_Ndeep_5",53.33
"ND","wnd_Ndeep_5",53.33
"NE","wnd_Ndeep_5",53.33
"SD","wnd_Ndeep_5",53.33
"IA","wnd_Ndeep_6",53.33
"KS","wnd_Ndeep_6",53.33
"MN","wnd_Ndeep_6",53.33
"MO","wnd_Ndeep_6",53.33
"ND","wnd_Ndeep_6",53.33
"NE","wnd_Ndeep_6",53.33
"SD","wnd_Ndeep_6",53.33
"IA","wnd_Ndeep_7",53.33
"KS","wnd_Ndeep_7",53.33
"MN","wnd_Ndeep_7",53.33
"MO","wnd_Ndeep_7",53.33
"ND","wnd_Ndeep_7",53.33
"NE","wnd_Ndeep_7",53.33
"SD","wnd_Ndeep_7",53.33
"FL","col_N",48.9
"FL","col_Nccs",63.21
"FL","ngcc_N",14.62
"FL","ngcc_Nccs",30.25
"FL","ngtb_N",6.7
"FL","nuc_N",88.75
"FL","bio_N",100.5
"FL","lfg_N_hi",373.76
"FL","lfg_N_lo",373.76
"FL","lfg_N_vl",373.76
"FL","fc_N",5.778270638
"FL","slrPV_N",16.7
"FL","slrCSP_N",64
"FL","wnd_Nonsh_3",28.07
"FL","wnd_Nonsh_4",28.07
"FL","wnd_Nonsh_5",28.07
"FL","wnd_Nonsh_6",28.07
"FL","wnd_Nonsh_7",28.07
"FL","wnd_Nshal_3",53.33
"FL","wnd_Nshal_4",53.33
"FL","wnd_Nshal_5",53.33
"FL","wnd_Nshal_6",53.33
"FL","wnd_Nshal_7",53.33
"FL","wnd_Ndeep_3",53.33
"FL","wnd_Ndeep_4",53.33
"FL","wnd_Ndeep_5",53.33
"FL","wnd_Ndeep_6",53.33
"FL","wnd_Ndeep_7",53.33
"DC","col_N",48.9
"DE","col_N",48.9
"GA","col_N",48.9
"MD","col_N",48.9
"NC","col_N",48.9
"SC","col_N",48.9
"VA","col_N",48.9
"WV","col_N",48.9
"DC","col_Nccs",63.21
"DE","col_Nccs",63.21
"GA","col_Nccs",63.21
"MD","col_Nccs",63.21
"NC","col_Nccs",63.21
"SC","col_Nccs",63.21
"VA","col_Nccs",63.21
"WV","col_Nccs",63.21
"DC","ngcc_N",14.62
"DE","ngcc_N",14.62
"GA","ngcc_N",14.62
"MD","ngcc_N",14.62
"NC","ngcc_N",14.62
"SC","ngcc_N",14.62
"VA","ngcc_N",14.62
"WV","ngcc_N",14.62
"DC","ngcc_Nccs",30.25
"DE","ngcc_Nccs",30.25
"GA","ngcc_Nccs",30.25
"MD","ngcc_Nccs",30.25
"NC","ngcc_Nccs",30.25
"SC","ngcc_Nccs",30.25
"VA","ngcc_Nccs",30.25
"WV","ngcc_Nccs",30.25
"DC","ngtb_N",6.7
"DE","ngtb_N",6.7
"GA","ngtb_N",6.7
"MD","ngtb_N",6.7
"NC","ngtb_N",6.7
"SC","ngtb_N",6.7
"VA","ngtb_N",6.7
"WV","ngtb_N",6.7
"DC","nuc_N",88.75
"DE","nuc_N",88.75
"GA","nuc_N",88.75
"MD","nuc_N",88.75
"NC","nuc_N",88.75
"SC","nuc_N",88.75
"VA","nuc_N",88.75
"WV","nuc_N",88.75
"DC","bio_N",100.5
"DE","bio_N",100.5
"GA","bio_N",100.5
"MD","bio_N",100.5
"NC","bio_N",100.5
"SC","bio_N",100.5
"VA","bio_N",100.5
"WV","bio_N",100.5
"DC","lfg_N_hi",373.76
"DE","lfg_N_hi",373.76
"GA","lfg_N_hi",373.76
"MD","lfg_N_hi",373.76
"NC","lfg_N_hi",373.76
"SC","lfg_N_hi",373.76
"VA","lfg_N_hi",373.76
"WV","lfg_N_hi",373.76
"DC","lfg_N_lo",373.76
"DE","lfg_N_lo",373.76
"GA","lfg_N_lo",373.76
"MD","lfg_N_lo",373.76
"NC","lfg_N_lo",373.76
"SC","lfg_N_lo",373.76
"VA","lfg_N_lo",373.76
"WV","lfg_N_lo",373.76
"DC","lfg_N_vl",373.76
"DE","lfg_N_vl",373.76
"GA","lfg_N_vl",373.76
"MD","lfg_N_vl",373.76
"NC","lfg_N_vl",373.76
"SC","lfg_N_vl",373.76
"VA","lfg_N_vl",373.76
"WV","lfg_N_vl",373.76
"DC","fc_N",5.778270638
"DE","fc_N",5.778270638
"GA","fc_N",5.778270638
"MD","fc_N",5.778270638
"NC","fc_N",5.778270638
"SC","fc_N",5.778270638
"VA","fc_N",5.778270638
"WV","fc_N",5.778270638
"DC","slrPV_N",16.7
"DE","slrPV_N",16.7
"GA","slrPV_N",16.7
"MD","slrPV_N",16.7
"NC","slrPV_N",16.7
"SC","slrPV_N",16.7
"VA","slrPV_N",16.7
"WV","slrPV_N",16.7
"DC","slrCSP_N",64
"DE","slrCSP_N",64
"GA","slrCSP_N",64
"MD","slrCSP_N",64
"NC","slrCSP_N",64
"SC","slrCSP_N",64
"VA","slrCSP_N",64
"WV","slrCSP_N",64
"DC","wnd_Nonsh_3",28.07
"DE","wnd_Nonsh_3",28.07
"GA","wnd_Nonsh_3",28.07
"MD","wnd_Nonsh_3",28.07
"NC","wnd_Nonsh_3",28.07
"SC","wnd_Nonsh_3",28.07
"VA","wnd_Nonsh_3",28.07
"WV","wnd_Nonsh_3",28.07
"DC","wnd_Nonsh_4",28.07
"DE","wnd_Nonsh_4",28.07
"GA","wnd_Nonsh_4",28.07
"MD","wnd_Nonsh_4",28.07
"NC","wnd_Nonsh_4",28.07
"SC","wnd_Nonsh_4",28.07
"VA","wnd_Nonsh_4",28.07
"WV","wnd_Nonsh_4",28.07
"DC","wnd_Nonsh_5",28.07
"DE","wnd_Nonsh_5",28.07
"GA","wnd_Nonsh_5",28.07
"MD","wnd_Nonsh_5",28.07
"NC","wnd_Nonsh_5",28.07
"SC","wnd_Nonsh_5",28.07
"VA","wnd_Nonsh_5",28.07
"WV","wnd_Nonsh_5",28.07
"DC","wnd_Nonsh_6",28.07
"DE","wnd_Nonsh_6",28.07
"GA","wnd_Nonsh_6",28.07
"MD","wnd_Nonsh_6",28.07
"NC","wnd_Nonsh_6",28.07
"SC","wnd_Nonsh_6",28.07
"VA","wnd_Nonsh_6",28.07
"WV","wnd_Nonsh_6",28.07
"DC","wnd_Nonsh_7",28.07
"DE","wnd_Nonsh_7",28.07
"GA","wnd_Nonsh_7",28.07
"MD","wnd_Nonsh_7",28.07
"NC","wnd_Nonsh_7",28.07
"SC","wnd_Nonsh_7",28.07
"VA","wnd_Nonsh_7",28.07
"WV","wnd_Nonsh_7",28.07
"DC","wnd_Nshal_3",53.33
"DE","wnd_Nshal_3",53.33
"GA","wnd_Nshal_3",53.33
"MD","wnd_Nshal_3",53.33
"NC","wnd_Nshal_3",53.33
"SC","wnd_Nshal_3",53.33
"VA","wnd_Nshal_3",53.33
"WV","wnd_Nshal_3",53.33
"DC","wnd_Nshal_4",53.33
"DE","wnd_Nshal_4",53.33
"GA","wnd_Nshal_4",53.33
"MD","wnd_Nshal_4",53.33
"NC","wnd_Nshal_4",53.33
"SC","wnd_Nshal_4",53.33
"VA","wnd_Nshal_4",53.33
"WV","wnd_Nshal_4",53.33
"DC","wnd_Nshal_5",53.33
"DE","wnd_Nshal_5",53.33
"GA","wnd_Nshal_5",53.33
"MD","wnd_Nshal_5",53.33
"NC","wnd_Nshal_5",53.33
"SC","wnd_Nshal_5",53.33
"VA","wnd_Nshal_5",53.33
"WV","wnd_Nshal_5",53.33
"DC","wnd_Nshal_6",53.33
"DE","wnd_Nshal_6",53.33
"GA","wnd_Nshal_6",53.33
"MD","wnd_Nshal_6",53.33
"NC","wnd_Nshal_6",53.33
"SC","wnd_Nshal_6",53.33
"VA","wnd_Nshal_6",53.33
"WV","wnd_Nshal_6",53.33
"DC","wnd_Nshal_7",53.33
"DE","wnd_Nshal_7",53.33
"GA","wnd_Nshal_7",53.33
"MD","wnd_Nshal_7",53.33
"NC","wnd_Nshal_7",53.33
"SC","wnd_Nshal_7",53.33
"VA","wnd_Nshal_7",53.33
"WV","wnd_Nshal_7",53.33
"DC","wnd_Ndeep_3",53.33
"DE","wnd_Ndeep_3",53.33
"GA","wnd_Ndeep_3",53.33
"MD","wnd_Ndeep_3",53.33
"NC","wnd_Ndeep_3",53.33
"SC","wnd_Ndeep_3",53.33
"VA","wnd_Ndeep_3",53.33
"WV","wnd_Ndeep_3",53.33
"DC","wnd_Ndeep_4",53.33
"DE","wnd_Ndeep_4",53.33
"GA","wnd_Ndeep_4",53.33
"MD","wnd_Ndeep_4",53.33
"NC","wnd_Ndeep_4",53.33
"SC","wnd_Ndeep_4",53.33
"VA","wnd_Ndeep_4",53.33
"WV","wnd_Ndeep_4",53.33
"DC","wnd_Ndeep_5",53.33
"DE","wnd_Ndeep_5",53.33
"GA","wnd_Ndeep_5",53.33
"MD","wnd_Ndeep_5",53.33
"NC","wnd_Ndeep_5",53.33
"SC","wnd_Ndeep_5",53.33
"VA","wnd_Ndeep_5",53.33
"WV","wnd_Ndeep_5",53.33
"DC","wnd_Ndeep_6",53.33
"DE","wnd_Ndeep_6",53.33
"GA","wnd_Ndeep_6",53.33
"MD","wnd_Ndeep_6",53.33
"NC","wnd_Ndeep_6",53.33
"SC","wnd_Ndeep_6",53.33
"VA","wnd_Ndeep_6",53.33
"WV","wnd_Ndeep_6",53.33
"DC","wnd_Ndeep_7",53.33
"DE","wnd_Ndeep_7",53.33
"GA","wnd_Ndeep_7",53.33
"MD","wnd_Ndeep_7",53.33
"NC","wnd_Ndeep_7",53.33
"SC","wnd_Ndeep_7",53.33
"VA","wnd_Ndeep_7",53.33
"WV","wnd_Ndeep_7",53.33
"AL","col_N",48.9
"KY","col_N",48.9
"MS","col_N",48.9
"TN","col_N",48.9
"AL","col_Nccs",63.21
"KY","col_Nccs",63.21
"MS","col_Nccs",63.21
"TN","col_Nccs",63.21
"AL","ngcc_N",14.62
"KY","ngcc_N",14.62
"MS","ngcc_N",14.62
"TN","ngcc_N",14.62
"AL","ngcc_Nccs",30.25
"KY","ngcc_Nccs",30.25
"MS","ngcc_Nccs",30.25
"TN","ngcc_Nccs",30.25
"AL","ngtb_N",6.7
"KY","ngtb_N",6.7
"MS","ngtb_N",6.7
"TN","ngtb_N",6.7
"AL","nuc_N",88.75
"KY","nuc_N",88.75
"MS","nuc_N",88.75
"TN","nuc_N",88.75
"AL","bio_N",100.5
"KY","bio_N",100.5
"MS","bio_N",100.5
"TN","bio_N",100.5
"AL","lfg_N_hi",373.76
"KY","lfg_N_hi",373.76
"MS","lfg_N_hi",373.76
"TN","lfg_N_hi",373.76
"AL","lfg_N_lo",373.76
"KY","lfg_N_lo",373.76
"MS","lfg_N_lo",373.76
"TN","lfg_N_lo",373.76
"AL","lfg_N_vl",373.76
"KY","lfg_N_vl",373.76
"MS","lfg_N_vl",373.76
"TN","lfg_N_vl",373.76
"AL","fc_N",5.778270638
"KY","fc_N",5.778270638
"MS","fc_N",5.778270638
"TN","fc_N",5.778270638
"AL","slrPV_N",16.7
"KY","slrPV_N",16.7
"MS","slrPV_N",16.7
"TN","slrPV_N",16.7
"AL","slrCSP_N",64
"KY","slrCSP_N",64
"MS","slrCSP_N",64
"TN","slrCSP_N",64
"AL","wnd_Nonsh_3",28.07
"KY","wnd_Nonsh_3",28.07
"MS","wnd_Nonsh_3",28.07
"TN","wnd_Nonsh_3",28.07
"AL","wnd_Nonsh_4",28.07
"KY","wnd_Nonsh_4",28.07
"MS","wnd_Nonsh_4",28.07
"TN","wnd_Nonsh_4",28.07
"AL","wnd_Nonsh_5",28.07
"KY","wnd_Nonsh_5",28.07
"MS","wnd_Nonsh_5",28.07
"TN","wnd_Nonsh_5",28.07
"AL","wnd_Nonsh_6",28.07
"KY","wnd_Nonsh_6",28.07
"MS","wnd_Nonsh_6",28.07
"TN","wnd_Nonsh_6",28.07
"AL","wnd_Nonsh_7",28.07
"KY","wnd_Nonsh_7",28.07
"MS","wnd_Nonsh_7",28.07
"TN","wnd_Nonsh_7",28.07
"AL","wnd_Nshal_3",53.33
"KY","wnd_Nshal_3",53.33
"MS","wnd_Nshal_3",53.33
"TN","wnd_Nshal_3",53.33
"AL","wnd_Nshal_4",53.33
"KY","wnd_Nshal_4",53.33
"MS","wnd_Nshal_4",53.33
"TN","wnd_Nshal_4",53.33
"AL","wnd_Nshal_5",53.33
"KY","wnd_Nshal_5",53.33
"MS","wnd_Nshal_5",53.33
"TN","wnd_Nshal_5",53.33
"AL","wnd_Nshal_6",53.33
"KY","wnd_Nshal_6",53.33
"MS","wnd_Nshal_6",53.33
"TN","wnd_Nshal_6",53.33
"AL","wnd_Nshal_7",53.33
"KY","wnd_Nshal_7",53.33
"MS","wnd_Nshal_7",53.33
"TN","wnd_Nshal_7",53.33
"AL","wnd_Ndeep_3",53.33
"KY","wnd_Ndeep_3",53.33
"MS","wnd_Ndeep_3",53.33
"TN","wnd_Ndeep_3",53.33
"AL","wnd_Ndeep_4",53.33
"KY","wnd_Ndeep_4",53.33
"MS","wnd_Ndeep_4",53.33
"TN","wnd_Ndeep_4",53.33
"AL","wnd_Ndeep_5",53.33
"KY","wnd_Ndeep_5",53.33
"MS","wnd_Ndeep_5",53.33
"TN","wnd_Ndeep_5",53.33
"AL","wnd_Ndeep_6",53.33
"KY","wnd_Ndeep_6",53.33
"MS","wnd_Ndeep_6",53.33
"TN","wnd_Ndeep_6",53.33
"AL","wnd_Ndeep_7",53.33
"KY","wnd_Ndeep_7",53.33
"MS","wnd_Ndeep_7",53.33
"TN","wnd_Ndeep_7",53.33
"TX","col_N",48.9
"TX","col_Nccs",63.21
"TX","ngcc_N",14.62
"TX","ngcc_Nccs",30.25
"TX","ngtb_N",6.7
"TX","nuc_N",88.75
"TX","bio_N",100.5
"TX","lfg_N_hi",373.76
"TX","lfg_N_lo",373.76
"TX","lfg_N_vl",373.76
"TX","fc_N",5.778270638
"TX","geo_N_1",185.1
"TX","geo_N_2",206.8
"TX","geo_N_3",201.1
"TX","geo_N_4",192.2
"TX","geo_N_5",218.8
"TX","slrPV_N",16.7
"TX","slrCSP_N",64
"TX","wnd_Nonsh_3",28.07
"TX","wnd_Nonsh_4",28.07
"TX","wnd_Nonsh_5",28.07
"TX","wnd_Nonsh_6",28.07
"TX","wnd_Nonsh_7",28.07
"TX","wnd_Nshal_3",53.33
"TX","wnd_Nshal_4",53.33
"TX","wnd_Nshal_5",53.33
"TX","wnd_Nshal_6",53.33
"TX","wnd_Nshal_7",53.33
"TX","wnd_Ndeep_3",53.33
"TX","wnd_Ndeep_4",53.33
"TX","wnd_Ndeep_5",53.33
"TX","wnd_Ndeep_6",53.33
"TX","wnd_Ndeep_7",53.33
"AR","col_N",48.9
"LA","col_N",48.9
"OK","col_N",48.9
"AR","col_Nccs",63.21
"LA","col_Nccs",63.21
"OK","col_Nccs",63.21
"AR","ngcc_N",14.62
"LA","ngcc_N",14.62
"OK","ngcc_N",14.62
"AR","ngcc_Nccs",30.25
"LA","ngcc_Nccs",30.25
"OK","ngcc_Nccs",30.25
"AR","ngtb_N",6.7
"LA","ngtb_N",6.7
"OK","ngtb_N",6.7
"AR","nuc_N",88.75
"LA","nuc_N",88.75
"OK","nuc_N",88.75
"AR","bio_N",100.5
"LA","bio_N",100.5
"OK","bio_N",100.5
"AR","lfg_N_hi",373.76
"LA","lfg_N_hi",373.76
"OK","lfg_N_hi",373.76
"AR","lfg_N_lo",373.76
"LA","lfg_N_lo",373.76
"OK","lfg_N_lo",373.76
"AR","lfg_N_vl",373.76
"LA","lfg_N_vl",373.76
"OK","lfg_N_vl",373.76
"AR","fc_N",5.778270638
"LA","fc_N",5.778270638
"OK","fc_N",5.778270638
"AR","slrPV_N",16.7
"LA","slrPV_N",16.7
"OK","slrPV_N",16.7
"AR","slrCSP_N",64
"LA","slrCSP_N",64
"OK","slrCSP_N",64
"AR","wnd_Nonsh_3",28.07
"LA","wnd_Nonsh_3",28.07
"OK","wnd_Nonsh_3",28.07
"AR","wnd_Nonsh_4",28.07
"LA","wnd_Nonsh_4",28.07
"OK","wnd_Nonsh_4",28.07
"AR","wnd_Nonsh_5",28.07
"LA","wnd_Nonsh_5",28.07
"OK","wnd_Nonsh_5",28.07
"AR","wnd_Nonsh_6",28.07
"LA","wnd_Nonsh_6",28.07
"OK","wnd_Nonsh_6",28.07
"AR","wnd_Nonsh_7",28.07
"LA","wnd_Nonsh_7",28.07
"OK","wnd_Nonsh_7",28.07
"AR","wnd_Nshal_3",53.33
"LA","wnd_Nshal_3",53.33
"OK","wnd_Nshal_3",53.33
"AR","wnd_Nshal_4",53.33
"LA","wnd_Nshal_4",53.33
"OK","wnd_Nshal_4",53.33
"AR","wnd_Nshal_5",53.33
"LA","wnd_Nshal_5",53.33
"OK","wnd_Nshal_5",53.33
"AR","wnd_Nshal_6",53.33
"LA","wnd_Nshal_6",53.33
"OK","wnd_Nshal_6",53.33
"AR","wnd_Nshal_7",53.33
"LA","wnd_Nshal_7",53.33
"OK","wnd_Nshal_7",53.33
"AR","wnd_Ndeep_3",53.33
"LA","wnd_Ndeep_3",53.33
"OK","wnd_Ndeep_3",53.33
"AR","wnd_Ndeep_4",53.33
"LA","wnd_Ndeep_4",53.33
"OK","wnd_Ndeep_4",53.33
"AR","wnd_Ndeep_5",53.33
"LA","wnd_Ndeep_5",53.33
"OK","wnd_Ndeep_5",53.33
"AR","wnd_Ndeep_6",53.33
"LA","wnd_Ndeep_6",53.33
"OK","wnd_Ndeep_6",53.33
"AR","wnd_Ndeep_7",53.33
"LA","wnd_Ndeep_7",53.33
"OK","wnd_Ndeep_7",53.33
"AZ","col_N",48.9
"CO","col_N",48.9
"ID","col_N",48.9
"MT","col_N",48.9
"NM","col_N",48.9
"NV","col_N",48.9
"UT","col_N",48.9
"WY","col_N",48.9
"AZ","col_Nccs",63.21
"CO","col_Nccs",63.21
"ID","col_Nccs",63.21
"MT","col_Nccs",63.21
"NM","col_Nccs",63.21
"NV","col_Nccs",63.21
"UT","col_Nccs",63.21
"WY","col_Nccs",63.21
"AZ","ngcc_N",14.62
"CO","ngcc_N",14.62
"ID","ngcc_N",14.62
"MT","ngcc_N",14.62
"NM","ngcc_N",14.62
"NV","ngcc_N",14.62
"UT","ngcc_N",14.62
"WY","ngcc_N",14.62
"AZ","ngcc_Nccs",30.25
"CO","ngcc_Nccs",30.25
"ID","ngcc_Nccs",30.25
"MT","ngcc_Nccs",30.25
"NM","ngcc_Nccs",30.25
"NV","ngcc_Nccs",30.25
"UT","ngcc_Nccs",30.25
"WY","ngcc_Nccs",30.25
"AZ","ngtb_N",6.7
"CO","ngtb_N",6.7
"ID","ngtb_N",6.7
"MT","ngtb_N",6.7
"NM","ngtb_N",6.7
"NV","ngtb_N",6.7
"UT","ngtb_N",6.7
"WY","ngtb_N",6.7
"AZ","nuc_N",88.75
"CO","nuc_N",88.75
"ID","nuc_N",88.75
"MT","nuc_N",88.75
"NM","nuc_N",88.75
"NV","nuc_N",88.75
"UT","nuc_N",88.75
"WY","nuc_N",88.75
"AZ","bio_N",100.5
"CO","bio_N",100.5
"ID","bio_N",100.5
"MT","bio_N",100.5
"NM","bio_N",100.5
"NV","bio_N",100.5
"UT","bio_N",100.5
"WY","bio_N",100.5
"AZ","lfg_N_hi",373.76
"CO","lfg_N_hi",373.76
"ID","lfg_N_hi",373.76
"MT","lfg_N_hi",373.76
"NM","lfg_N_hi",373.76
"NV","lfg_N_hi",373.76
"UT","lfg_N_hi",373.76
"WY","lfg_N_hi",373.76
"AZ","lfg_N_lo",373.76
"CO","lfg_N_lo",373.76
"ID","lfg_N_lo",373.76
"MT","lfg_N_lo",373.76
"NM","lfg_N_lo",373.76
"NV","lfg_N_lo",373.76
"UT","lfg_N_lo",373.76
"WY","lfg_N_lo",373.76
"AZ","lfg_N_vl",373.76
"CO","lfg_N_vl",373.76
"ID","lfg_N_vl",373.76
"MT","lfg_N_vl",373.76
"NM","lfg_N_vl",373.76
"NV","lfg_N_vl",373.76
"UT","lfg_N_vl",373.76
"WY","lfg_N_vl",373.76
"AZ","fc_N",5.778270638
"CO","fc_N",5.778270638
"ID","fc_N",5.778270638
"MT","fc_N",5.778270638
"NM","fc_N",5.778270638
"NV","fc_N",5.778270638
"UT","fc_N",5.778270638
"WY","fc_N",5.778270638
"AZ","geo_N_1",184.4862849
"CO","geo_N_1",184.4862849
"ID","geo_N_1",184.4862849
"MT","geo_N_1",184.4862849
"NM","geo_N_1",184.4862849
"NV","geo_N_1",184.4862849
"UT","geo_N_1",184.4862849
"WY","geo_N_1",184.4862849
"AZ","geo_N_2",201.3010158
"CO","geo_N_2",201.3010158
"ID","geo_N_2",201.3010158
"MT","geo_N_2",201.3010158
"NM","geo_N_2",201.3010158
"NV","geo_N_2",201.3010158
"UT","geo_N_2",201.3010158
"WY","geo_N_2",201.3010158
"AZ","geo_N_3",190.1319539
"CO","geo_N_3",190.1319539
"ID","geo_N_3",190.1319539
"MT","geo_N_3",190.1319539
"NM","geo_N_3",190.1319539
"NV","geo_N_3",190.1319539
"UT","geo_N_3",190.1319539
"WY","geo_N_3",190.1319539
"AZ","geo_N_4",182.3126614
"CO","geo_N_4",182.3126614
"ID","geo_N_4",182.3126614
"MT","geo_N_4",182.3126614
"NM","geo_N_4",182.3126614
"NV","geo_N_4",182.3126614
"UT","geo_N_4",182.3126614
"WY","geo_N_4",182.3126614
"AZ","geo_N_5",181.770855
"CO","geo_N_5",181.770855
"ID","geo_N_5",181.770855
"MT","geo_N_5",181.770855
"NM","geo_N_5",181.770855
"NV","geo_N_5",181.770855
"UT","geo_N_5",181.770855
"WY","geo_N_5",181.770855
"AZ","geo_N_6",185.1
"CO","geo_N_6",185.1
"ID","geo_N_6",185.1
"MT","geo_N_6",185.1
"NM","geo_N_6",185.1
"NV","geo_N_6",185.1
"UT","geo_N_6",185.1
"WY","geo_N_6",185.1
"AZ","geo_N_7",183
"CO","geo_N_7",183
"ID","geo_N_7",183
"MT","geo_N_7",183
"NM","geo_N_7",183
"NV","geo_N_7",183
"UT","geo_N_7",183
"WY","geo_N_7",183
"AZ","geo_N_8",218.8
"CO","geo_N_8",218.8
"ID","geo_N_8",218.8
"MT","geo_N_8",218.8
"NM","geo_N_8",218.8
"NV","geo_N_8",218.8
"UT","geo_N_8",218.8
"WY","geo_N_8",218.8
"AZ","geo_N_9",185.1
"CO","geo_N_9",185.1
"ID","geo_N_9",185.1
"MT","geo_N_9",185.1
"NM","geo_N_9",185.1
"NV","geo_N_9",185.1
"UT","geo_N_9",185.1
"WY","geo_N_9",185.1
"AZ","geo_N_10",185.1
"CO","geo_N_10",185.1
"ID","geo_N_10",185.1
"MT","geo_N_10",185.1
"NM","geo_N_10",185.1
"NV","geo_N_10",185.1
"UT","geo_N_10",185.1
"WY","geo_N_10",185.1
"AZ","slrPV_N",16.7
"CO","slrPV_N",16.7
"ID","slrPV_N",16.7
"MT","slrPV_N",16.7
"NM","slrPV_N",16.7
"NV","slrPV_N",16.7
"UT","slrPV_N",16.7
"WY","slrPV_N",16.7
"AZ","slrCSP_N",64
"CO","slrCSP_N",64
"ID","slrCSP_N",64
"MT","slrCSP_N",64
"NM","slrCSP_N",64
"NV","slrCSP_N",64
"UT","slrCSP_N",64
"WY","slrCSP_N",64
"AZ","wnd_Nonsh_3",28.07
"CO","wnd_Nonsh_3",28.07
"ID","wnd_Nonsh_3",28.07
"MT","wnd_Nonsh_3",28.07
"NM","wnd_Nonsh_3",28.07
"NV","wnd_Nonsh_3",28.07
"UT","wnd_Nonsh_3",28.07
"WY","wnd_Nonsh_3",28.07
"AZ","wnd_Nonsh_4",28.07
"CO","wnd_Nonsh_4",28.07
"ID","wnd_Nonsh_4",28.07
"MT","wnd_Nonsh_4",28.07
"NM","wnd_Nonsh_4",28.07
"NV","wnd_Nonsh_4",28.07
"UT","wnd_Nonsh_4",28.07
"WY","wnd_Nonsh_4",28.07
"AZ","wnd_Nonsh_5",28.07
"CO","wnd_Nonsh_5",28.07
"ID","wnd_Nonsh_5",28.07
"MT","wnd_Nonsh_5",28.07
"NM","wnd_Nonsh_5",28.07
"NV","wnd_Nonsh_5",28.07
"UT","wnd_Nonsh_5",28.07
"WY","wnd_Nonsh_5",28.07
"AZ","wnd_Nonsh_6",28.07
"CO","wnd_Nonsh_6",28.07
"ID","wnd_Nonsh_6",28.07
"MT","wnd_Nonsh_6",28.07
"NM","wnd_Nonsh_6",28.07
"NV","wnd_Nonsh_6",28.07
"UT","wnd_Nonsh_6",28.07
"WY","wnd_Nonsh_6",28.07
"AZ","wnd_Nonsh_7",28.07
"CO","wnd_Nonsh_7",28.07
"ID","wnd_Nonsh_7",28.07
"MT","wnd_Nonsh_7",28.07
"NM","wnd_Nonsh_7",28.07
"NV","wnd_Nonsh_7",28.07
"UT","wnd_Nonsh_7",28.07
"WY","wnd_Nonsh_7",28.07
"AZ","wnd_Nshal_3",53.33
"CO","wnd_Nshal_3",53.33
"ID","wnd_Nshal_3",53.33
"MT","wnd_Nshal_3",53.33
"NM","wnd_Nshal_3",53.33
"NV","wnd_Nshal_3",53.33
"UT","wnd_Nshal_3",53.33
"WY","wnd_Nshal_3",53.33
"AZ","wnd_Nshal_4",53.33
"CO","wnd_Nshal_4",53.33
"ID","wnd_Nshal_4",53.33
"MT","wnd_Nshal_4",53.33
"NM","wnd_Nshal_4",53.33
"NV","wnd_Nshal_4",53.33
"UT","wnd_Nshal_4",53.33
"WY","wnd_Nshal_4",53.33
"AZ","wnd_Nshal_5",53.33
"CO","wnd_Nshal_5",53.33
"ID","wnd_Nshal_5",53.33
"MT","wnd_Nshal_5",53.33
"NM","wnd_Nshal_5",53.33
"NV","wnd_Nshal_5",53.33
"UT","wnd_Nshal_5",53.33
"WY","wnd_Nshal_5",53.33
"AZ","wnd_Nshal_6",53.33
"CO","wnd_Nshal_6",53.33
"ID","wnd_Nshal_6",53.33
"MT","wnd_Nshal_6",53.33
"NM","wnd_Nshal_6",53.33
"NV","wnd_Nshal_6",53.33
"UT","wnd_Nshal_6",53.33
"WY","wnd_Nshal_6",53.33
"AZ","wnd_Nshal_7",53.33
"CO","wnd_Nshal_7",53.33
"ID","wnd_Nshal_7",53.33
"MT","wnd_Nshal_7",53.33
"NM","wnd_Nshal_7",53.33
"NV","wnd_Nshal_7",53.33
"UT","wnd_Nshal_7",53.33
"WY","wnd_Nshal_7",53.33
"AZ","wnd_Ndeep_3",53.33
"CO","wnd_Ndeep_3",53.33
"ID","wnd_Ndeep_3",53.33
"MT","wnd_Ndeep_3",53.33
"NM","wnd_Ndeep_3",53.33
"NV","wnd_Ndeep_3",53.33
"UT","wnd_Ndeep_3",53.33
"WY","wnd_Ndeep_3",53.33
"AZ","wnd_Ndeep_4",53.33
"CO","wnd_Ndeep_4",53.33
"ID","wnd_Ndeep_4",53.33
"MT","wnd_Ndeep_4",53.33
"NM","wnd_Ndeep_4",53.33
"NV","wnd_Ndeep_4",53.33
"UT","wnd_Ndeep_4",53.33
"WY","wnd_Ndeep_4",53.33
"AZ","wnd_Ndeep_5",53.33
"CO","wnd_Ndeep_5",53.33
"ID","wnd_Ndeep_5",53.33
"MT","wnd_Ndeep_5",53.33
"NM","wnd_Ndeep_5",53.33
"NV","wnd_Ndeep_5",53.33
"UT","wnd_Ndeep_5",53.33
"WY","wnd_Ndeep_5",53.33
"AZ","wnd_Ndeep_6",53.33
"CO","wnd_Ndeep_6",53.33
"ID","wnd_Ndeep_6",53.33
"MT","wnd_Ndeep_6",53.33
"NM","wnd_Ndeep_6",53.33
"NV","wnd_Ndeep_6",53.33
"UT","wnd_Ndeep_6",53.33
"WY","wnd_Ndeep_6",53.33
"AZ","wnd_Ndeep_7",53.33
"CO","wnd_Ndeep_7",53.33
"ID","wnd_Ndeep_7",53.33
"MT","wnd_Ndeep_7",53.33
"NM","wnd_Ndeep_7",53.33
"NV","wnd_Ndeep_7",53.33
"UT","wnd_Ndeep_7",53.33
"WY","wnd_Ndeep_7",53.33
"CA","col_N",48.9
"CA","col_Nccs",63.21
"CA","ngcc_N",14.62
"CA","ngcc_Nccs",30.25
"CA","ngtb_N",6.7
"CA","nuc_N",88.75
"CA","bio_N",100.5
"CA","lfg_N_hi",373.76
"CA","lfg_N_lo",373.76
"CA","lfg_N_vl",373.76
"CA","fc_N",5.778270638
"CA","geo_N_1",185.0788493
"CA","geo_N_2",195.596738
"CA","geo_N_3",205.2565852
"CA","geo_N_4",186.0351234
"CA","geo_N_5",185.2447964
"CA","geo_N_6",185.1
"CA","slrPV_N",16.7
"CA","slrCSP_N",64
"CA","wnd_Nonsh_3",28.07
"CA","wnd_Nonsh_4",28.07
"CA","wnd_Nonsh_5",28.07
"CA","wnd_Nonsh_6",28.07
"CA","wnd_Nonsh_7",28.07
"CA","wnd_Nshal_3",53.33
"CA","wnd_Nshal_4",53.33
"CA","wnd_Nshal_5",53.33
"CA","wnd_Nshal_6",53.33
"CA","wnd_Nshal_7",53.33
"CA","wnd_Ndeep_3",53.33
"CA","wnd_Ndeep_4",53.33
"CA","wnd_Ndeep_5",53.33
"CA","wnd_Ndeep_6",53.33
"CA","wnd_Ndeep_7",53.33
"OR","col_N",48.9
"WA","col_N",48.9
"OR","col_Nccs",63.21
"WA","col_Nccs",63.21
"OR","ngcc_N",14.62
"WA","ngcc_N",14.62
"OR","ngcc_Nccs",30.25
"WA","ngcc_Nccs",30.25
"OR","ngtb_N",6.7
"WA","ngtb_N",6.7
"OR","nuc_N",88.75
"WA","nuc_N",88.75
"OR","bio_N",100.5
"WA","bio_N",100.5
"OR","lfg_N_hi",373.76
"WA","lfg_N_hi",373.76
"OR","lfg_N_lo",373.76
"WA","lfg_N_lo",373.76
"OR","lfg_N_vl",373.76
"WA","lfg_N_vl",373.76
"OR","fc_N",5.778270638
"WA","fc_N",5.778270638
"OR","geo_N_1",151.5
"WA","geo_N_1",151.5
"OR","geo_N_2",151.5
"WA","geo_N_2",151.5
"OR","geo_N_3",156.3
"WA","geo_N_3",156.3
"OR","geo_N_4",190.3
"WA","geo_N_4",190.3
"OR","slrPV_N",16.7
"WA","slrPV_N",16.7
"OR","slrCSP_N",64
"WA","slrCSP_N",64
"OR","wnd_Nonsh_3",28.07
"WA","wnd_Nonsh_3",28.07
"OR","wnd_Nonsh_4",28.07
"WA","wnd_Nonsh_4",28.07
"OR","wnd_Nonsh_5",28.07
"WA","wnd_Nonsh_5",28.07
"OR","wnd_Nonsh_6",28.07
"WA","wnd_Nonsh_6",28.07
"OR","wnd_Nonsh_7",28.07
"WA","wnd_Nonsh_7",28.07
"OR","wnd_Nshal_3",53.33
"WA","wnd_Nshal_3",53.33
"OR","wnd_Nshal_4",53.33
"WA","wnd_Nshal_4",53.33
"OR","wnd_Nshal_5",53.33
"WA","wnd_Nshal_5",53.33
"OR","wnd_Nshal_6",53.33
"WA","wnd_Nshal_6",53.33
"OR","wnd_Nshal_7",53.33
"WA","wnd_Nshal_7",53.33
"OR","wnd_Ndeep_3",53.33
"WA","wnd_Ndeep_3",53.33
"OR","wnd_Ndeep_4",53.33
"WA","wnd_Ndeep_4",53.33
"OR","wnd_Ndeep_5",53.33
"WA","wnd_Ndeep_5",53.33
"OR","wnd_Ndeep_6",53.33
"WA","wnd_Ndeep_6",53.33
"OR","wnd_Ndeep_7",53.33
"WA","wnd_Ndeep_7",53.33
