"state","plant_type_full","year","Value"
"AL","bio_X",2020,6584.25596516667
"AL","col_X1",2020,6447.57153984615
"AL","col_X2",2020,11280.45364
"AL","col_X3",2020,12051.04245
"AL","hyd_X",2020,8903.98855490909
"AL","ngcc_X1",2020,6408.34115126667
"AL","ngtb_X1",2020,9452.9507612
"AL","ngtb_X2",2020,12102.61473
"AL","ngtb_X3",2020,19290.788216
"AL","nuc_X",2020,10441.60876
"AL","slr_X",2020,8904.03798666667
"AR","bio_X",2020,6788.9547308
"AR","col_X1",2020,6843.620556
"AR","col_X2",2020,10578.80966
"AR","col_X3",2020,12834.69356
"AR","hyd_X",2020,8903.99187627778
"AR","msw_X",2020,4477.652141
"AR","ngcc_X1",2020,7533.49641814286
"AR","ngtb_X1",2020,8710.085773
"AR","ngtb_X2",2020,11796.100075
"AR","ngtb_X3",2020,13964.28571
"AR","nuc_X",2020,10450.67358
"AR","slr_X",2020,8904.27043614286
"AR","stog_X1",2020,0
"AZ","bio_X",2020,17017.06208
"AZ","col_X2",2020,10989.7484266667
"AZ","col_X3",2020,29688.57961
"AZ","hyd_X",2020,9008.983904
"AZ","ngcc_X1",2020,7069.20050916667
"AZ","ngtb_X1",2020,10375.678515
"AZ","ngtb_X2",2020,12005.9535966667
"AZ","ngtb_X3",2020,22262.5078814286
"AZ","nuc_X",2020,10441.60882
"AZ","slr_X",2020,8904.01315348148
"AZ","stog_X1",2020,0
"AZ","wnd_X",2020,8904.0108444
"CA","bio_X",2020,15665.1752796957
"CA","col_X1",2020,7006.28290627273
"CA","col_X3",2020,18943.39475
"CA","geo_X",2020,8904.00093770968
"CA","hyd_X",2020,8904.54340826027
"CA","msw_X",2020,19509.069885
"CA","ngcc_X1",2020,7451.44110463636
"CA","ngcc_X2",2020,11155.409565
"CA","ngcc_X3",2020,13664.631365
"CA","ngtb_X1",2020,7739.25276644444
"CA","ngtb_X2",2020,11829.0905539216
"CA","ngtb_X3",2020,16013.1392695652
"CA","nuc_X",2020,10444.55925
"CA","oth_X",2020,8808.91337532911
"CA","slr_X",2020,8904.0019645282
"CA","stog_X1",2020,0
"CA","wnd_X",2020,8904.02735798305
"CO","bio_X",2020,14310.43286
"CO","col_X1",2020,6560.22177666667
"CO","col_X2",2020,10866.4763222222
"CO","col_X3",2020,16025.20063
"CO","hyd_X",2020,8904.01251773913
"CO","ngcc_X1",2020,8244.2497895
"CO","ngtb_X1",2020,9401.91574316667
"CO","ngtb_X2",2020,12120.268322
"CO","ngtb_X3",2020,17009.0294688889
"CO","slr_X",2020,8903.92335941667
"CO","wnd_X",2020,8903.96297322222
"CT","bio_X",2020,11761.0242
"CT","col_X1",2020,4621.031671
"CT","col_X3",2020,17635.730556
"CT","hyd_X",2020,8903.96890971429
"CT","msw_X",2020,19230.088092
"CT","ngcc_X1",2020,6408.78810909091
"CT","ngcc_X2",2020,11577.38938
"CT","ngtb_X1",2020,7946.77348068182
"CT","ngtb_X2",2020,11841.1349175
"CT","ngtb_X3",2020,16142.7943966667
"CT","nuc_X",2020,10441.60875
"CT","oth_X",2020,7637.44205526667
"CT","slr_X",2020,8903.68274662857
"CT","stog_X1",2020,0
"CT","wnd_X",2020,8904.134261
"DC","ngtb_X1",2020,10128.28327
"DC","ngtb_X2",2020,11605.435935
"DC","ngtb_X3",2020,25724.68501
"DC","slr_X",2020,8904.1500125
"DE","col_X1",2020,6329.4363855
"DE","col_X3",2020,15599.9074
"DE","ngcc_X1",2020,7660.96111533333
"DE","ngtb_X1",2020,4376.79502725
"DE","ngtb_X2",2020,11333.6052566667
"DE","ngtb_X3",2020,33047.978535
"DE","oth_X",2020,7154.16252233333
"DE","slr_X",2020,8903.9979424
"DE","wnd_X",2020,8903.98482
"FL","bio_X",2020,11142.7195698182
"FL","col_X1",2020,6267.02254225
"FL","col_X2",2020,10930.466473
"FL","col_X3",2020,22365.16706
"FL","hyd_X",2020,8904.056627
"FL","msw_X",2020,20699.0381539231
"FL","ngcc_X1",2020,7339.08881721212
"FL","ngcc_X2",2020,11965.810155
"FL","ngcc_X3",2020,16983.527225
"FL","ngtb_X1",2020,7905.9901502381
"FL","ngtb_X2",2020,11581.2685276923
"FL","ngtb_X3",2020,26592.2242547826
"FL","nuc_X",2020,10444.913765
"FL","oth_X",2020,6576.5914325
"FL","slr_X",2020,8903.93446770312
"GA","bio_X",2020,8004.137419
"GA","col_X1",2020,5649.74259292857
"GA","col_X2",2020,10969.6286833333
"GA","col_X3",2020,16253.3232766667
"GA","hyd_X",2020,8903.95859613793
"GA","msw_X",2020,4649.420566
"GA","ngcc_X1",2020,7041.941778
"GA","ngtb_X1",2020,8693.37469931579
"GA","ngtb_X2",2020,11934.6666723077
"GA","ngtb_X3",2020,89931.5001722222
"GA","nuc_X",2020,10441.608805
"GA","oth_X",2020,9243.147667
"GA","slr_X",2020,8904.03710832812
"GA","stog_X1",2020,0
"IA","bio_X",2020,8235.57460066667
"IA","col_X1",2020,6075.571194
"IA","col_X2",2020,10955.8168025
"IA","col_X3",2020,25868.8614425
"IA","hyd_X",2020,8903.941075
"IA","ngcc_X1",2020,6315.23689475
"IA","ngcc_X3",2020,14913.50098
"IA","ngtb_X1",2020,8874.4401132
"IA","ngtb_X2",2020,11710.391035625
"IA","ngtb_X3",2020,23345.5647715151
"IA","nuc_X",2020,10441.60856
"IA","slr_X",2020,8904.21114271429
"IA","wnd_X",2020,8904.01139784466
"ID","bio_X",2020,5057.70870766667
"ID","col_X1",2020,5755.88358175
"ID","geo_X",2020,8904.009873
"ID","hyd_X",2020,8903.99131993151
"ID","ngcc_X1",2020,7058.3544875
"ID","ngtb_X1",2020,8691.10676309091
"ID","ngtb_X2",2020,11755.96841
"ID","slr_X",2020,8903.993704
"ID","wnd_X",2020,8904.0022390625
"IL","col_X1",2020,6395.262580875
"IL","col_X2",2020,11197.4256264286
"IL","col_X3",2020,13821.87308
"IL","hyd_X",2020,8904.1885745
"IL","msw_X",2020,5792.674705
"IL","ngcc_X1",2020,7085.54661485714
"IL","ngtb_X1",2020,8796.84494454546
"IL","ngtb_X2",2020,11925.4716918519
"IL","ngtb_X3",2020,29353.8055193333
"IL","nuc_X",2020,10441.608835
"IL","oth_X",2020,3606.696367
"IL","slr_X",2020,8904.6826776
"IL","wnd_X",2020,8903.73818971795
"IN","col_X1",2020,5551.31294308333
"IN","col_X2",2020,10945.6318008333
"IN","col_X3",2020,19668.60264
"IN","hyd_X",2020,8904.0152624
"IN","msw_X",2020,6403.539223
"IN","ngcc_X1",2020,7654.41228314286
"IN","ngtb_X1",2020,8106.37184358333
"IN","ngtb_X2",2020,11988.3239625
"IN","ngtb_X3",2020,17540.9684090909
"IN","slr_X",2020,8905.47292179104
"IN","wnd_X",2020,8904.00065846154
"KS","col_X1",2020,6048.78687733333
"KS","col_X2",2020,11259.521484
"KS","col_X3",2020,23083.0974088889
"KS","hyd_X",2020,8904.068774
"KS","ngcc_X1",2020,7358.303331
"KS","ngtb_X1",2020,9145.02513232143
"KS","ngtb_X2",2020,11864.4071741176
"KS","ngtb_X3",2020,20904.7383063636
"KS","nuc_X",2020,10450.2836
"KS","slr_X",2020,8904.1219244
"KS","wnd_X",2020,8904.00254240541
"KY","bio_X",2020,15764.0004025
"KY","col_X1",2020,8410.77497225
"KY","col_X2",2020,11102.3891744444
"KY","col_X3",2020,13220.436685
"KY","hyd_X",2020,8903.9996853
"KY","ngcc_X1",2020,6785.3544975
"KY","ngtb_X1",2020,4096.045224
"KY","ngtb_X2",2020,11998.7423853333
"KY","ngtb_X3",2020,27013.493292
"KY","slr_X",2020,8903.94572966667
"LA","bio_X",2020,7306.84674066667
"LA","col_X1",2020,6021.4812446
"LA","col_X2",2020,11267.64584
"LA","col_X3",2020,12860.2947157143
"LA","hyd_X",2020,8903.999813
"LA","msw_X",2020,4849.904623
"LA","ngcc_X1",2020,7029.99979228571
"LA","ngcc_X3",2020,45787.56384
"LA","ngtb_X1",2020,5958.94512788889
"LA","ngtb_X2",2020,12037.5371166667
"LA","ngtb_X3",2020,155942.38632
"LA","nuc_X",2020,10449.640575
"LA","oth_X",2020,8904.005024
"LA","slr_X",2020,8903.718459
"MA","bio_X",2020,25539.790035
"MA","col_X1",2020,4239.8045813
"MA","col_X2",2020,11705.25764
"MA","col_X3",2020,17690.3893628571
"MA","hyd_X",2020,8903.9697727931
"MA","msw_X",2020,20612.5954433333
"MA","ngcc_X1",2020,8143.1156423125
"MA","ngcc_X2",2020,11382.6353
"MA","ngcc_X3",2020,13247.02608
"MA","ngtb_X1",2020,6763.20479326923
"MA","ngtb_X2",2020,11733.4114428571
"MA","ngtb_X3",2020,20063.6626718182
"MA","nuc_X",2020,10441.6086
"MA","oth_X",2020,6673.469388
"MA","slr_X",2020,8904.08006160856
"MA","wnd_X",2020,8954.48744872727
"MD","bio_X",2020,8861.1918555
"MD","col_X1",2020,4941.5312966
"MD","col_X2",2020,10617.92849
"MD","col_X3",2020,15506.880804
"MD","hyd_X",2020,8903.997491
"MD","msw_X",2020,17716.484875
"MD","ngcc_X1",2020,7429.98996575
"MD","ngcc_X2",2020,12096.48439
"MD","ngtb_X1",2020,9404.1209925
"MD","ngtb_X2",2020,12086.626714
"MD","ngtb_X3",2020,33541.6153261538
"MD","nuc_X",2020,10441.60864
"MD","oth_X",2020,0
"MD","slr_X",2020,8943.7439885
"MD","wnd_X",2020,8904.0071444
"ME","bio_X",2020,11228.8921273636
"ME","col_X1",2020,5637.1001456
"ME","col_X3",2020,26329.2430275
"ME","hyd_X",2020,8904.01754142857
"ME","msw_X",2020,19838.639155
"ME","ngcc_X1",2020,7737.91587266667
"ME","ngtb_X1",2020,6165.07010375
"ME","ngtb_X2",2020,12105.075715
"ME","ngtb_X3",2020,24357.82967
"ME","oth_X",2020,6353.84570933333
"ME","slr_X",2020,8904.366398
"ME","wnd_X",2020,8903.98892505882
"MI","bio_X",2020,11444.8510315455
"MI","col_X1",2020,4549.98675957143
"MI","col_X2",2020,10982.2932907692
"MI","col_X3",2020,25892.0755836364
"MI","hyd_X",2020,8903.89489622222
"MI","msw_X",2020,12376.360454625
"MI","ngcc_X1",2020,6991.48286354545
"MI","ngcc_X3",2020,16102.00901
"MI","ngtb_X1",2020,8386.08472453125
"MI","ngtb_X2",2020,11736.6425142105
"MI","ngtb_X3",2020,24845.3564396667
"MI","nuc_X",2020,10441.60882
"MI","oth_X",2020,8259.419051
"MI","slr_X",2020,8903.90345005882
"MI","wnd_X",2020,8904.01657464
"MN","bio_X",2020,11335.561502375
"MN","col_X1",2020,5559.79053358333
"MN","col_X2",2020,10850.4366733333
"MN","col_X3",2020,25359.23741375
"MN","hyd_X",2020,8903.81073751852
"MN","msw_X",2020,18320.8025454
"MN","ngcc_X1",2020,8017.042871
"MN","ngtb_X1",2020,8696.2170615
"MN","ngtb_X2",2020,12047.7380011765
"MN","ngtb_X3",2020,25265.6081886667
"MN","nuc_X",2020,10441.60895
"MN","oth_X",2020,5809.835037
"MN","slr_X",2020,8900.37011012956
"MN","wnd_X",2020,8904.0315324065
"MO","bio_X",2020,5536.390712
"MO","col_X1",2020,7222.03545366667
"MO","col_X2",2020,10628.2831985714
"MO","col_X3",2020,12815.9996075
"MO","hyd_X",2020,8903.92156166667
"MO","ngcc_X1",2020,7452.1480242
"MO","ngtb_X1",2020,8351.03853607692
"MO","ngtb_X2",2020,11930.7396847368
"MO","ngtb_X3",2020,24394.1069044444
"MO","nuc_X",2020,10449.2907
"MO","oth_X",2020,0
"MO","slr_X",2020,8904.12880388889
"MO","stog_X1",2020,0
"MO","wnd_X",2020,8903.996961875
"MS","bio_X",2020,4978.0170075
"MS","col_X1",2020,4986.8218325
"MS","col_X2",2020,11034.6614
"MS","col_X3",2020,13136.13795
"MS","ngcc_X1",2020,7178.38353618182
"MS","ngcc_X2",2020,11348.3871
"MS","ngcc_X3",2020,21443.93593
"MS","ngtb_X1",2020,7646.83350625
"MS","ngtb_X2",2020,12032.2537375
"MS","ngtb_X3",2020,18229.006025
"MS","nuc_X",2020,10441.60887
"MS","slr_X",2020,8903.91845414286
"MT","bio_X",2020,11594.3714
"MT","col_X1",2020,5519.439598
"MT","col_X2",2020,10960.6375966667
"MT","col_X3",2020,13108.4672233333
"MT","hyd_X",2020,8903.98891156522
"MT","ngtb_X1",2020,9021.82053833333
"MT","ngtb_X2",2020,11944.27641
"MT","ngtb_X3",2020,22920.37286
"MT","slr_X",2020,8904.05851383333
"MT","wnd_X",2020,8904.00798426667
"NC","bio_X",2020,10016.0220025455
"NC","col_X1",2020,6674.13833925
"NC","col_X2",2020,11356.2015266667
"NC","col_X3",2020,13092.0705333333
"NC","hyd_X",2020,8903.97146283784
"NC","msw_X",2020,9849.764997
"NC","ngcc_X1",2020,7547.956738
"NC","ngcc_X3",2020,21676.58445
"NC","ngtb_X1",2020,9321.447552
"NC","ngtb_X2",2020,11628.605398125
"NC","ngtb_X3",2020,21758.9352012
"NC","nuc_X",2020,10441.6087833333
"NC","oth_X",2020,7545.159804
"NC","slr_X",2020,8903.99425542662
"NC","wnd_X",2020,8903.998746
"ND","bio_X",2020,5216.302703
"ND","col_X1",2020,8998.87240433333
"ND","col_X2",2020,11584.321505
"ND","col_X3",2020,13651.241245
"ND","hyd_X",2020,8903.999696
"ND","ngtb_X1",2020,8450.1986255
"ND","ngtb_X3",2020,30448.040595
"ND","wnd_X",2020,8904.00136805714
"NE","col_X1",2020,6327.88855
"NE","col_X2",2020,10752.3929825
"NE","col_X3",2020,24501.0910683333
"NE","hyd_X",2020,8903.6952922
"NE","ngcc_X1",2020,8348.890585
"NE","ngtb_X1",2020,7691.49221684615
"NE","ngtb_X2",2020,12017.110580625
"NE","ngtb_X3",2020,368304.737665556
"NE","nuc_X",2020,10441.60884
"NE","slr_X",2020,8903.40427025
"NE","wnd_X",2020,8904.00698875
"NH","bio_X",2020,15548.3588942857
"NH","col_X1",2020,6261.232164
"NH","col_X2",2020,11373.85168
"NH","col_X3",2020,16125.44511
"NH","hyd_X",2020,8903.93849503125
"NH","msw_X",2020,19912.72871
"NH","ngcc_X1",2020,7462.0109525
"NH","ngtb_X1",2020,6381.33166075
"NH","ngtb_X3",2020,16745.036774
"NH","nuc_X",2020,10441.60869
"NH","wnd_X",2020,8903.9922552
"NJ","col_X1",2020,4882.153907
"NJ","col_X2",2020,10144.41213
"NJ","col_X3",2020,17527.414305
"NJ","hyd_X",2020,8903.99728
"NJ","msw_X",2020,20983.27921
"NJ","ngcc_X1",2020,8116.9715605
"NJ","ngcc_X2",2020,11336.05958
"NJ","ngtb_X1",2020,7702.54938310526
"NJ","ngtb_X2",2020,11874.7106675
"NJ","ngtb_X3",2020,18356.078157
"NJ","nuc_X",2020,10444.8175
"NJ","oth_X",2020,6458.7935765
"NJ","slr_X",2020,8904.01751764706
"NJ","wnd_X",2020,8904.3550515
"NM","col_X1",2020,4817.8168385
"NM","col_X2",2020,10708.6514325
"NM","col_X3",2020,12517.20613
"NM","geo_X",2020,8903.961998
"NM","hyd_X",2020,8903.9755825
"NM","ngcc_X1",2020,7621.68980675
"NM","ngcc_X2",2020,12704.43737
"NM","ngtb_X1",2020,8197.862279
"NM","ngtb_X2",2020,12101.882525
"NM","ngtb_X3",2020,18314.878002
"NM","slr_X",2020,8904.02997748485
"NM","wnd_X",2020,8904.03499686364
"NV","col_X1",2020,8903.991821
"NV","col_X2",2020,11244.2286966667
"NV","col_X3",2020,12549.24393
"NV","geo_X",2020,8903.99608885714
"NV","hyd_X",2020,8903.99793783333
"NV","ngcc_X1",2020,7719.40739016667
"NV","ngtb_X1",2020,8132.451624
"NV","ngtb_X2",2020,12132.3172975
"NV","ngtb_X3",2020,21002.14362
"NV","slr_X",2020,8904.04025317949
"NV","wnd_X",2020,8904.000923
"NY","bio_X",2020,10093.6362473333
"NY","col_X1",2020,6284.13937325
"NY","col_X2",2020,11334.4475628571
"NY","col_X3",2020,19476.6500915385
"NY","hyd_X",2020,8904.00548976875
"NY","msw_X",2020,19154.2706004
"NY","ngcc_X1",2020,8127.98222610526
"NY","ngtb_X1",2020,8728.80976958929
"NY","ngtb_X2",2020,11819.4039979167
"NY","ngtb_X3",2020,106680.63112575
"NY","nuc_X",2020,10441.608792
"NY","oth_X",2020,7081.68352866667
"NY","slr_X",2020,8904.05022867949
"NY","wnd_X",2020,8903.84813203704
"OH","bio_X",2020,4952.224509
"OH","col_X1",2020,6775.21037545455
"OH","col_X2",2020,11109.9335357143
"OH","col_X3",2020,16218.1655575
"OH","hyd_X",2020,8904.08996725
"OH","msw_X",2020,4624.174683
"OH","ngcc_X1",2020,6491.8901013
"OH","ngcc_X3",2020,13451.45621
"OH","ngtb_X1",2020,9234.06316603125
"OH","ngtb_X2",2020,11963.596635
"OH","ngtb_X3",2020,96460.239707931
"OH","nuc_X",2020,10441.608715
"OH","slr_X",2020,8903.86688388462
"OH","wnd_X",2020,8903.90977938889
"OK","bio_X",2020,6868.599313
"OK","col_X1",2020,5519.580778
"OK","col_X2",2020,11325.1469
"OK","col_X3",2020,17169.8137842857
"OK","hyd_X",2020,8904.001051
"OK","msw_X",2020,12945.34807
"OK","ngcc_X1",2020,7819.22238791667
"OK","ngtb_X1",2020,8996.68191890909
"OK","ngtb_X2",2020,11963.83815375
"OK","ngtb_X3",2020,14331.39964
"OK","slr_X",2020,8903.91058357143
"OK","wnd_X",2020,8903.99931340385
"OR","bio_X",2020,9300.28402
"OR","col_X1",2020,4519.6066245
"OR","col_X2",2020,10215.15893
"OR","col_X3",2020,25737.26542
"OR","geo_X",2020,8903.998792
"OR","hyd_X",2020,8904.0052813871
"OR","msw_X",2020,25521.66758
"OR","ngcc_X1",2020,7460.6548563
"OR","ngtb_X1",2020,9145.2768372
"OR","ngtb_X2",2020,11970.5634771429
"OR","ngtb_X3",2020,14489.36062
"OR","slr_X",2020,8903.98882505357
"OR","wnd_X",2020,8904.01126521951
"PA","bio_X",2020,7745.72334166667
"PA","col_X1",2020,5786.0803275
"PA","col_X2",2020,11271.50406375
"PA","col_X3",2020,16204.4480394737
"PA","hyd_X",2020,8904.00959905882
"PA","msw_X",2020,16435.673483
"PA","ngcc_X1",2020,7146.9345425
"PA","ngtb_X1",2020,9054.7802516129
"PA","ngtb_X2",2020,11762.0290052
"PA","ngtb_X3",2020,25101.5518883871
"PA","nuc_X",2020,10441.608776
"PA","oth_X",2020,5578.914532
"PA","slr_X",2020,8976.18079110345
"PA","wnd_X",2020,8904.0017255
"RI","col_X1",2020,5313.245526
"RI","hyd_X",2020,8903.846154
"RI","ngcc_X1",2020,8507.29130857143
"RI","ngtb_X1",2020,7507.260227
"RI","ngtb_X3",2020,351069.27711
"RI","slr_X",2020,8904.11390670588
"RI","wnd_X",2020,8903.92424376471
"SC","bio_X",2020,9754.374299
"SC","col_X1",2020,5877.7716466
"SC","col_X2",2020,10465.2683616667
"SC","col_X3",2020,13924.36254
"SC","hyd_X",2020,8903.96950210345
"SC","msw_X",2020,11052.9209195
"SC","ngcc_X1",2020,7166.30254233333
"SC","ngtb_X1",2020,9360.258069
"SC","ngtb_X2",2020,11716.7061275
"SC","ngtb_X3",2020,148682.951506
"SC","nuc_X",2020,10441.6088
"SC","oth_X",2020,0
"SC","slr_X",2020,8903.66770628814
"SD","col_X2",2020,10708.4914
"SD","hyd_X",2020,8903.880815
"SD","ngcc_X1",2020,7649.429607
"SD","ngtb_X1",2020,9861.2920068
"SD","ngtb_X2",2020,11583.89618
"SD","ngtb_X3",2020,19052.168426
"SD","slr_X",2020,8903.225806
"SD","wnd_X",2020,8904.10267506667
"TN","bio_X",2020,5122.404875
"TN","col_X1",2020,6448.02107566667
"TN","col_X2",2020,11402.854215
"TN","hyd_X",2020,8904.00033546429
"TN","msw_X",2020,5178.5056085
"TN","ngcc_X1",2020,6753.054256
"TN","ngtb_X1",2020,7990.82121255556
"TN","ngtb_X2",2020,11812.6155475
"TN","ngtb_X3",2020,28909.138115
"TN","nuc_X",2020,10449.049445
"TN","oth_X",2020,5139.94802633333
"TN","slr_X",2020,8909.8940954375
"TN","wnd_X",2020,8903.965663
"TX","bio_X",2020,20093.0107441667
"TX","col_X1",2020,5896.88207286667
"TX","col_X2",2020,11094.3172770833
"TX","col_X3",2020,14144.367686
"TX","hyd_X",2020,8904.02624395
"TX","msw_X",2020,5773.820571
"TX","ngcc_X1",2020,7131.00191319118
"TX","ngcc_X2",2020,11687.42183
"TX","ngcc_X3",2020,13498.64806
"TX","ngtb_X1",2020,7710.96397698039
"TX","ngtb_X2",2020,11628.6098433333
"TX","ngtb_X3",2020,23675.5798207143
"TX","nuc_X",2020,10441.60877
"TX","oth_X",2020,8903.9977615
"TX","slr_X",2020,8904.03266859016
"TX","wnd_X",2020,8902.26805779545
"UT","col_X1",2020,9240.21886633333
"UT","col_X2",2020,10327.50127
"UT","col_X3",2020,14854.54163
"UT","geo_X",2020,8903.99434
"UT","hyd_X",2020,8905.12848062069
"UT","ngcc_X1",2020,7848.14334366667
"UT","ngtb_X1",2020,8336.01597966667
"UT","ngtb_X2",2020,11833.8828742857
"UT","ngtb_X3",2020,33586.31816
"UT","oth_X",2020,13209.4388
"UT","slr_X",2020,8904.01750370968
"UT","wnd_X",2020,8904.0321112
"VA","bio_X",2020,11350.3056535
"VA","col_X1",2020,5214.56283971429
"VA","col_X2",2020,11219.99274
"VA","col_X3",2020,24082.5929577778
"VA","hyd_X",2020,8904.27602456522
"VA","msw_X",2020,20144.09064
"VA","ngcc_X1",2020,7470.72534454545
"VA","ngtb_X1",2020,9003.70717828125
"VA","ngtb_X2",2020,11817.2710194737
"VA","ngtb_X3",2020,16094.3419806667
"VA","nuc_X",2020,10441.608775
"VA","oth_X",2020,4075.066487
"VA","slr_X",2020,8903.99387838462
"VT","bio_X",2020,11174.1209013333
"VT","col_X1",2020,4671.580812
"VT","hyd_X",2020,8904.01215442222
"VT","ngtb_X1",2020,9844.5959265
"VT","ngtb_X3",2020,25181.9999233333
"VT","oth_X",2020,0
"VT","slr_X",2020,8904.11197525641
"VT","wnd_X",2020,8904.0099422
"WA","bio_X",2020,6600.88562277778
"WA","col_X1",2020,4888.6595398
"WA","col_X2",2020,11291.092495
"WA","hyd_X",2020,8903.99772761972
"WA","msw_X",2020,21148.64306
"WA","ngcc_X1",2020,7678.78744322222
"WA","ngtb_X1",2020,7183.0113644
"WA","ngtb_X2",2020,11759.68319
"WA","ngtb_X3",2020,14904.0473366667
"WA","nuc_X",2020,10441.6088
"WA","oth_X",2020,4835.281629
"WA","slr_X",2020,8903.1515515
"WA","stog_X1",2020,0
"WA","wnd_X",2020,8904.00240995238
"WI","bio_X",2020,9454.03380611111
"WI","col_X1",2020,6346.5584187
"WI","col_X2",2020,11073.78057
"WI","col_X3",2020,16898.358115
"WI","hyd_X",2020,8904.32352348485
"WI","msw_X",2020,14735.5985873333
"WI","ngcc_X1",2020,7442.94805666667
"WI","ngtb_X1",2020,8102.57032433333
"WI","ngtb_X2",2020,11883.4894573333
"WI","ngtb_X3",2020,17560.8088668421
"WI","nuc_X",2020,10441.6088
"WI","oth_X",2020,7135.714517
"WI","slr_X",2020,8903.93107122727
"WI","wnd_X",2020,8904.04938061538
"WV","col_X1",2020,8259.77883325
"WV","col_X2",2020,10435.5228
"WV","col_X3",2020,13849.17791
"WV","hyd_X",2020,8904.02552291667
"WV","ngtb_X1",2020,10403.30073
"WV","ngtb_X2",2020,11611.38234
"WV","ngtb_X3",2020,14557.60369
"WV","wnd_X",2020,8903.998107
"WY","col_X1",2020,3599.3003016
"WY","col_X2",2020,10988.8529157143
"WY","col_X3",2020,12466.6567966667
"WY","hyd_X",2020,8904.03393533333
"WY","ngcc_X1",2020,7759.439806
"WY","ngtb_X1",2020,8695.2548228
"WY","ngtb_X2",2020,11658.335945
"WY","ngtb_X3",2020,18444.0982966667
"WY","oth_X",2020,4212.142957
"WY","slr_X",2020,8904.001377
"WY","wnd_X",2020,8903.97674433333
"CT","col_N",2020,8373.687963
"MA","col_N",2020,8373.687963
"ME","col_N",2020,8373.687963
"NH","col_N",2020,8373.687963
"RI","col_N",2020,8373.687963
"VT","col_N",2020,8373.687963
"CT","col_Nccs",2020,11311.56665
"MA","col_Nccs",2020,11311.56665
"ME","col_Nccs",2020,11311.56665
"NH","col_Nccs",2020,11311.56665
"RI","col_Nccs",2020,11311.56665
"VT","col_Nccs",2020,11311.56665
"CT","ngcc_N",2020,6330.245483
"MA","ngcc_N",2020,6330.245483
"ME","ngcc_N",2020,6330.245483
"NH","ngcc_N",2020,6330.245483
"RI","ngcc_N",2020,6330.245483
"VT","ngcc_N",2020,6330.245483
"CT","ngcc_Nccs",2020,7280.36979
"MA","ngcc_Nccs",2020,7280.36979
"ME","ngcc_Nccs",2020,7280.36979
"NH","ngcc_Nccs",2020,7280.36979
"RI","ngcc_Nccs",2020,7280.36979
"VT","ngcc_Nccs",2020,7280.36979
"CT","ngtb_N",2020,9556.081117
"MA","ngtb_N",2020,9556.081117
"ME","ngtb_N",2020,9556.081117
"NH","ngtb_N",2020,9556.081117
"RI","ngtb_N",2020,9556.081117
"VT","ngtb_N",2020,9556.081117
"CT","nuc_N",2020,10488
"MA","nuc_N",2020,10488
"ME","nuc_N",2020,10488
"NH","nuc_N",2020,10488
"RI","nuc_N",2020,10488
"VT","nuc_N",2020,10488
"CT","bio_N",2020,12897.92085
"MA","bio_N",2020,12897.92085
"ME","bio_N",2020,12897.92085
"NH","bio_N",2020,12897.92085
"RI","bio_N",2020,12897.92085
"VT","bio_N",2020,12897.92085
"CT","lfg_N_hi",2020,18000
"MA","lfg_N_hi",2020,18000
"ME","lfg_N_hi",2020,18000
"NH","lfg_N_hi",2020,18000
"RI","lfg_N_hi",2020,18000
"VT","lfg_N_hi",2020,18000
"CT","lfg_N_lo",2020,18000
"MA","lfg_N_lo",2020,18000
"ME","lfg_N_lo",2020,18000
"NH","lfg_N_lo",2020,18000
"RI","lfg_N_lo",2020,18000
"VT","lfg_N_lo",2020,18000
"CT","lfg_N_vl",2020,18000
"MA","lfg_N_vl",2020,18000
"ME","lfg_N_vl",2020,18000
"NH","lfg_N_vl",2020,18000
"RI","lfg_N_vl",2020,18000
"VT","lfg_N_vl",2020,18000
"CT","fc_N",2020,9209.489281
"MA","fc_N",2020,9209.489281
"ME","fc_N",2020,9209.489281
"NH","fc_N",2020,9209.489281
"RI","fc_N",2020,9209.489281
"VT","fc_N",2020,9209.489281
"CT","geo_N_1",2020,32969
"MA","geo_N_1",2020,32969
"ME","geo_N_1",2020,32969
"NH","geo_N_1",2020,32969
"RI","geo_N_1",2020,32969
"VT","geo_N_1",2020,32969
"CT","geo_N_2",2020,32969
"MA","geo_N_2",2020,32969
"ME","geo_N_2",2020,32969
"NH","geo_N_2",2020,32969
"RI","geo_N_2",2020,32969
"VT","geo_N_2",2020,32969
"CT","geo_N_3",2020,32969
"MA","geo_N_3",2020,32969
"ME","geo_N_3",2020,32969
"NH","geo_N_3",2020,32969
"RI","geo_N_3",2020,32969
"VT","geo_N_3",2020,32969
"CT","geo_N_4",2020,32969
"MA","geo_N_4",2020,32969
"ME","geo_N_4",2020,32969
"NH","geo_N_4",2020,32969
"RI","geo_N_4",2020,32969
"VT","geo_N_4",2020,32969
"CT","geo_N_5",2020,32969
"MA","geo_N_5",2020,32969
"ME","geo_N_5",2020,32969
"NH","geo_N_5",2020,32969
"RI","geo_N_5",2020,32969
"VT","geo_N_5",2020,32969
"CT","geo_N_6",2020,32969
"MA","geo_N_6",2020,32969
"ME","geo_N_6",2020,32969
"NH","geo_N_6",2020,32969
"RI","geo_N_6",2020,32969
"VT","geo_N_6",2020,32969
"CT","geo_N_7",2020,32969
"MA","geo_N_7",2020,32969
"ME","geo_N_7",2020,32969
"NH","geo_N_7",2020,32969
"RI","geo_N_7",2020,32969
"VT","geo_N_7",2020,32969
"CT","geo_N_8",2020,32969
"MA","geo_N_8",2020,32969
"ME","geo_N_8",2020,32969
"NH","geo_N_8",2020,32969
"RI","geo_N_8",2020,32969
"VT","geo_N_8",2020,32969
"CT","geo_N_9",2020,32969
"MA","geo_N_9",2020,32969
"ME","geo_N_9",2020,32969
"NH","geo_N_9",2020,32969
"RI","geo_N_9",2020,32969
"VT","geo_N_9",2020,32969
"CT","geo_N_10",2020,32969
"MA","geo_N_10",2020,32969
"ME","geo_N_10",2020,32969
"NH","geo_N_10",2020,32969
"RI","geo_N_10",2020,32969
"VT","geo_N_10",2020,32969
"CT","slrPV_N",2020,9884
"MA","slrPV_N",2020,9884
"ME","slrPV_N",2020,9884
"NH","slrPV_N",2020,9884
"RI","slrPV_N",2020,9884
"VT","slrPV_N",2020,9884
"CT","slrCSP_N",2020,9884
"MA","slrCSP_N",2020,9884
"ME","slrCSP_N",2020,9884
"NH","slrCSP_N",2020,9884
"RI","slrCSP_N",2020,9884
"VT","slrCSP_N",2020,9884
"CT","wnd_Nonsh_3",2020,9884
"MA","wnd_Nonsh_3",2020,9884
"ME","wnd_Nonsh_3",2020,9884
"NH","wnd_Nonsh_3",2020,9884
"RI","wnd_Nonsh_3",2020,9884
"VT","wnd_Nonsh_3",2020,9884
"CT","wnd_Nonsh_4",2020,9884
"MA","wnd_Nonsh_4",2020,9884
"ME","wnd_Nonsh_4",2020,9884
"NH","wnd_Nonsh_4",2020,9884
"RI","wnd_Nonsh_4",2020,9884
"VT","wnd_Nonsh_4",2020,9884
"CT","wnd_Nonsh_5",2020,9884
"MA","wnd_Nonsh_5",2020,9884
"ME","wnd_Nonsh_5",2020,9884
"NH","wnd_Nonsh_5",2020,9884
"RI","wnd_Nonsh_5",2020,9884
"VT","wnd_Nonsh_5",2020,9884
"CT","wnd_Nonsh_6",2020,9884
"MA","wnd_Nonsh_6",2020,9884
"ME","wnd_Nonsh_6",2020,9884
"NH","wnd_Nonsh_6",2020,9884
"RI","wnd_Nonsh_6",2020,9884
"VT","wnd_Nonsh_6",2020,9884
"CT","wnd_Nonsh_7",2020,9884
"MA","wnd_Nonsh_7",2020,9884
"ME","wnd_Nonsh_7",2020,9884
"NH","wnd_Nonsh_7",2020,9884
"RI","wnd_Nonsh_7",2020,9884
"VT","wnd_Nonsh_7",2020,9884
"CT","wnd_Nshal_3",2020,9884
"MA","wnd_Nshal_3",2020,9884
"ME","wnd_Nshal_3",2020,9884
"NH","wnd_Nshal_3",2020,9884
"RI","wnd_Nshal_3",2020,9884
"VT","wnd_Nshal_3",2020,9884
"CT","wnd_Nshal_4",2020,9884
"MA","wnd_Nshal_4",2020,9884
"ME","wnd_Nshal_4",2020,9884
"NH","wnd_Nshal_4",2020,9884
"RI","wnd_Nshal_4",2020,9884
"VT","wnd_Nshal_4",2020,9884
"CT","wnd_Nshal_5",2020,9884
"MA","wnd_Nshal_5",2020,9884
"ME","wnd_Nshal_5",2020,9884
"NH","wnd_Nshal_5",2020,9884
"RI","wnd_Nshal_5",2020,9884
"VT","wnd_Nshal_5",2020,9884
"CT","wnd_Nshal_6",2020,9884
"MA","wnd_Nshal_6",2020,9884
"ME","wnd_Nshal_6",2020,9884
"NH","wnd_Nshal_6",2020,9884
"RI","wnd_Nshal_6",2020,9884
"VT","wnd_Nshal_6",2020,9884
"CT","wnd_Nshal_7",2020,9884
"MA","wnd_Nshal_7",2020,9884
"ME","wnd_Nshal_7",2020,9884
"NH","wnd_Nshal_7",2020,9884
"RI","wnd_Nshal_7",2020,9884
"VT","wnd_Nshal_7",2020,9884
"CT","wnd_Ndeep_3",2020,9884
"MA","wnd_Ndeep_3",2020,9884
"ME","wnd_Ndeep_3",2020,9884
"NH","wnd_Ndeep_3",2020,9884
"RI","wnd_Ndeep_3",2020,9884
"VT","wnd_Ndeep_3",2020,9884
"CT","wnd_Ndeep_4",2020,9884
"MA","wnd_Ndeep_4",2020,9884
"ME","wnd_Ndeep_4",2020,9884
"NH","wnd_Ndeep_4",2020,9884
"RI","wnd_Ndeep_4",2020,9884
"VT","wnd_Ndeep_4",2020,9884
"CT","wnd_Ndeep_5",2020,9884
"MA","wnd_Ndeep_5",2020,9884
"ME","wnd_Ndeep_5",2020,9884
"NH","wnd_Ndeep_5",2020,9884
"RI","wnd_Ndeep_5",2020,9884
"VT","wnd_Ndeep_5",2020,9884
"CT","wnd_Ndeep_6",2020,9884
"MA","wnd_Ndeep_6",2020,9884
"ME","wnd_Ndeep_6",2020,9884
"NH","wnd_Ndeep_6",2020,9884
"RI","wnd_Ndeep_6",2020,9884
"VT","wnd_Ndeep_6",2020,9884
"CT","wnd_Ndeep_7",2020,9884
"MA","wnd_Ndeep_7",2020,9884
"ME","wnd_Ndeep_7",2020,9884
"NH","wnd_Ndeep_7",2020,9884
"RI","wnd_Ndeep_7",2020,9884
"VT","wnd_Ndeep_7",2020,9884
"NY","col_N",2020,8373.687963
"NY","col_Nccs",2020,11311.56665
"NY","ngcc_N",2020,6330.245483
"NY","ngcc_Nccs",2020,7280.36979
"NY","ngtb_N",2020,9556.081117
"NY","nuc_N",2020,10488
"NY","bio_N",2020,12897.92085
"NY","lfg_N_hi",2020,18000
"NY","lfg_N_lo",2020,18000
"NY","lfg_N_vl",2020,18000
"NY","fc_N",2020,9209.489281
"NY","geo_N_1",2020,32969
"NY","geo_N_2",2020,32969
"NY","geo_N_3",2020,32969
"NY","geo_N_4",2020,32969
"NY","geo_N_5",2020,32969
"NY","geo_N_6",2020,32969
"NY","geo_N_7",2020,32969
"NY","geo_N_8",2020,32969
"NY","geo_N_9",2020,32969
"NY","geo_N_10",2020,32969
"NY","slrPV_N",2020,9884
"NY","slrCSP_N",2020,9884
"NY","wnd_Nonsh_3",2020,9884
"NY","wnd_Nonsh_4",2020,9884
"NY","wnd_Nonsh_5",2020,9884
"NY","wnd_Nonsh_6",2020,9884
"NY","wnd_Nonsh_7",2020,9884
"NY","wnd_Nshal_3",2020,9884
"NY","wnd_Nshal_4",2020,9884
"NY","wnd_Nshal_5",2020,9884
"NY","wnd_Nshal_6",2020,9884
"NY","wnd_Nshal_7",2020,9884
"NY","wnd_Ndeep_3",2020,9884
"NY","wnd_Ndeep_4",2020,9884
"NY","wnd_Ndeep_5",2020,9884
"NY","wnd_Ndeep_6",2020,9884
"NY","wnd_Ndeep_7",2020,9884
"NJ","col_N",2020,8373.687963
"PA","col_N",2020,8373.687963
"NJ","col_Nccs",2020,11311.56665
"PA","col_Nccs",2020,11311.56665
"NJ","ngcc_N",2020,6330.245483
"PA","ngcc_N",2020,6330.245483
"NJ","ngcc_Nccs",2020,7280.36979
"PA","ngcc_Nccs",2020,7280.36979
"NJ","ngtb_N",2020,9556.081117
"PA","ngtb_N",2020,9556.081117
"NJ","nuc_N",2020,10488
"PA","nuc_N",2020,10488
"NJ","bio_N",2020,12897.92085
"PA","bio_N",2020,12897.92085
"NJ","lfg_N_hi",2020,18000
"PA","lfg_N_hi",2020,18000
"NJ","lfg_N_lo",2020,18000
"PA","lfg_N_lo",2020,18000
"NJ","lfg_N_vl",2020,18000
"PA","lfg_N_vl",2020,18000
"NJ","fc_N",2020,9209.489281
"PA","fc_N",2020,9209.489281
"NJ","geo_N_1",2020,32969
"PA","geo_N_1",2020,32969
"NJ","geo_N_2",2020,32969
"PA","geo_N_2",2020,32969
"NJ","geo_N_3",2020,32969
"PA","geo_N_3",2020,32969
"NJ","geo_N_4",2020,32969
"PA","geo_N_4",2020,32969
"NJ","geo_N_5",2020,32969
"PA","geo_N_5",2020,32969
"NJ","geo_N_6",2020,32969
"PA","geo_N_6",2020,32969
"NJ","geo_N_7",2020,32969
"PA","geo_N_7",2020,32969
"NJ","geo_N_8",2020,32969
"PA","geo_N_8",2020,32969
"NJ","geo_N_9",2020,32969
"PA","geo_N_9",2020,32969
"NJ","geo_N_10",2020,32969
"PA","geo_N_10",2020,32969
"NJ","slrPV_N",2020,9884
"PA","slrPV_N",2020,9884
"NJ","slrCSP_N",2020,9884
"PA","slrCSP_N",2020,9884
"NJ","wnd_Nonsh_3",2020,9884
"PA","wnd_Nonsh_3",2020,9884
"NJ","wnd_Nonsh_4",2020,9884
"PA","wnd_Nonsh_4",2020,9884
"NJ","wnd_Nonsh_5",2020,9884
"PA","wnd_Nonsh_5",2020,9884
"NJ","wnd_Nonsh_6",2020,9884
"PA","wnd_Nonsh_6",2020,9884
"NJ","wnd_Nonsh_7",2020,9884
"PA","wnd_Nonsh_7",2020,9884
"NJ","wnd_Nshal_3",2020,9884
"PA","wnd_Nshal_3",2020,9884
"NJ","wnd_Nshal_4",2020,9884
"PA","wnd_Nshal_4",2020,9884
"NJ","wnd_Nshal_5",2020,9884
"PA","wnd_Nshal_5",2020,9884
"NJ","wnd_Nshal_6",2020,9884
"PA","wnd_Nshal_6",2020,9884
"NJ","wnd_Nshal_7",2020,9884
"PA","wnd_Nshal_7",2020,9884
"NJ","wnd_Ndeep_3",2020,9884
"PA","wnd_Ndeep_3",2020,9884
"NJ","wnd_Ndeep_4",2020,9884
"PA","wnd_Ndeep_4",2020,9884
"NJ","wnd_Ndeep_5",2020,9884
"PA","wnd_Ndeep_5",2020,9884
"NJ","wnd_Ndeep_6",2020,9884
"PA","wnd_Ndeep_6",2020,9884
"NJ","wnd_Ndeep_7",2020,9884
"PA","wnd_Ndeep_7",2020,9884
"IL","col_N",2020,8373.687963
"IN","col_N",2020,8373.687963
"MI","col_N",2020,8373.687963
"OH","col_N",2020,8373.687963
"WI","col_N",2020,8373.687963
"IL","col_Nccs",2020,11311.56665
"IN","col_Nccs",2020,11311.56665
"MI","col_Nccs",2020,11311.56665
"OH","col_Nccs",2020,11311.56665
"WI","col_Nccs",2020,11311.56665
"IL","ngcc_N",2020,6330.245483
"IN","ngcc_N",2020,6330.245483
"MI","ngcc_N",2020,6330.245483
"OH","ngcc_N",2020,6330.245483
"WI","ngcc_N",2020,6330.245483
"IL","ngcc_Nccs",2020,7280.36979
"IN","ngcc_Nccs",2020,7280.36979
"MI","ngcc_Nccs",2020,7280.36979
"OH","ngcc_Nccs",2020,7280.36979
"WI","ngcc_Nccs",2020,7280.36979
"IL","ngtb_N",2020,9556.081117
"IN","ngtb_N",2020,9556.081117
"MI","ngtb_N",2020,9556.081117
"OH","ngtb_N",2020,9556.081117
"WI","ngtb_N",2020,9556.081117
"IL","nuc_N",2020,10488
"IN","nuc_N",2020,10488
"MI","nuc_N",2020,10488
"OH","nuc_N",2020,10488
"WI","nuc_N",2020,10488
"IL","bio_N",2020,12897.92085
"IN","bio_N",2020,12897.92085
"MI","bio_N",2020,12897.92085
"OH","bio_N",2020,12897.92085
"WI","bio_N",2020,12897.92085
"IL","lfg_N_hi",2020,18000
"IN","lfg_N_hi",2020,18000
"MI","lfg_N_hi",2020,18000
"OH","lfg_N_hi",2020,18000
"WI","lfg_N_hi",2020,18000
"IL","lfg_N_lo",2020,18000
"IN","lfg_N_lo",2020,18000
"MI","lfg_N_lo",2020,18000
"OH","lfg_N_lo",2020,18000
"WI","lfg_N_lo",2020,18000
"IL","lfg_N_vl",2020,18000
"IN","lfg_N_vl",2020,18000
"MI","lfg_N_vl",2020,18000
"OH","lfg_N_vl",2020,18000
"WI","lfg_N_vl",2020,18000
"IL","fc_N",2020,9209.489281
"IN","fc_N",2020,9209.489281
"MI","fc_N",2020,9209.489281
"OH","fc_N",2020,9209.489281
"WI","fc_N",2020,9209.489281
"IL","geo_N_1",2020,32969
"IN","geo_N_1",2020,32969
"MI","geo_N_1",2020,32969
"OH","geo_N_1",2020,32969
"WI","geo_N_1",2020,32969
"IL","geo_N_2",2020,32969
"IN","geo_N_2",2020,32969
"MI","geo_N_2",2020,32969
"OH","geo_N_2",2020,32969
"WI","geo_N_2",2020,32969
"IL","geo_N_3",2020,32969
"IN","geo_N_3",2020,32969
"MI","geo_N_3",2020,32969
"OH","geo_N_3",2020,32969
"WI","geo_N_3",2020,32969
"IL","geo_N_4",2020,32969
"IN","geo_N_4",2020,32969
"MI","geo_N_4",2020,32969
"OH","geo_N_4",2020,32969
"WI","geo_N_4",2020,32969
"IL","geo_N_5",2020,32969
"IN","geo_N_5",2020,32969
"MI","geo_N_5",2020,32969
"OH","geo_N_5",2020,32969
"WI","geo_N_5",2020,32969
"IL","geo_N_6",2020,32969
"IN","geo_N_6",2020,32969
"MI","geo_N_6",2020,32969
"OH","geo_N_6",2020,32969
"WI","geo_N_6",2020,32969
"IL","geo_N_7",2020,32969
"IN","geo_N_7",2020,32969
"MI","geo_N_7",2020,32969
"OH","geo_N_7",2020,32969
"WI","geo_N_7",2020,32969
"IL","geo_N_8",2020,32969
"IN","geo_N_8",2020,32969
"MI","geo_N_8",2020,32969
"OH","geo_N_8",2020,32969
"WI","geo_N_8",2020,32969
"IL","geo_N_9",2020,32969
"IN","geo_N_9",2020,32969
"MI","geo_N_9",2020,32969
"OH","geo_N_9",2020,32969
"WI","geo_N_9",2020,32969
"IL","geo_N_10",2020,32969
"IN","geo_N_10",2020,32969
"MI","geo_N_10",2020,32969
"OH","geo_N_10",2020,32969
"WI","geo_N_10",2020,32969
"IL","slrPV_N",2020,9884
"IN","slrPV_N",2020,9884
"MI","slrPV_N",2020,9884
"OH","slrPV_N",2020,9884
"WI","slrPV_N",2020,9884
"IL","slrCSP_N",2020,9884
"IN","slrCSP_N",2020,9884
"MI","slrCSP_N",2020,9884
"OH","slrCSP_N",2020,9884
"WI","slrCSP_N",2020,9884
"IL","wnd_Nonsh_3",2020,9884
"IN","wnd_Nonsh_3",2020,9884
"MI","wnd_Nonsh_3",2020,9884
"OH","wnd_Nonsh_3",2020,9884
"WI","wnd_Nonsh_3",2020,9884
"IL","wnd_Nonsh_4",2020,9884
"IN","wnd_Nonsh_4",2020,9884
"MI","wnd_Nonsh_4",2020,9884
"OH","wnd_Nonsh_4",2020,9884
"WI","wnd_Nonsh_4",2020,9884
"IL","wnd_Nonsh_5",2020,9884
"IN","wnd_Nonsh_5",2020,9884
"MI","wnd_Nonsh_5",2020,9884
"OH","wnd_Nonsh_5",2020,9884
"WI","wnd_Nonsh_5",2020,9884
"IL","wnd_Nonsh_6",2020,9884
"IN","wnd_Nonsh_6",2020,9884
"MI","wnd_Nonsh_6",2020,9884
"OH","wnd_Nonsh_6",2020,9884
"WI","wnd_Nonsh_6",2020,9884
"IL","wnd_Nonsh_7",2020,9884
"IN","wnd_Nonsh_7",2020,9884
"MI","wnd_Nonsh_7",2020,9884
"OH","wnd_Nonsh_7",2020,9884
"WI","wnd_Nonsh_7",2020,9884
"IL","wnd_Nshal_3",2020,9884
"IN","wnd_Nshal_3",2020,9884
"MI","wnd_Nshal_3",2020,9884
"OH","wnd_Nshal_3",2020,9884
"WI","wnd_Nshal_3",2020,9884
"IL","wnd_Nshal_4",2020,9884
"IN","wnd_Nshal_4",2020,9884
"MI","wnd_Nshal_4",2020,9884
"OH","wnd_Nshal_4",2020,9884
"WI","wnd_Nshal_4",2020,9884
"IL","wnd_Nshal_5",2020,9884
"IN","wnd_Nshal_5",2020,9884
"MI","wnd_Nshal_5",2020,9884
"OH","wnd_Nshal_5",2020,9884
"WI","wnd_Nshal_5",2020,9884
"IL","wnd_Nshal_6",2020,9884
"IN","wnd_Nshal_6",2020,9884
"MI","wnd_Nshal_6",2020,9884
"OH","wnd_Nshal_6",2020,9884
"WI","wnd_Nshal_6",2020,9884
"IL","wnd_Nshal_7",2020,9884
"IN","wnd_Nshal_7",2020,9884
"MI","wnd_Nshal_7",2020,9884
"OH","wnd_Nshal_7",2020,9884
"WI","wnd_Nshal_7",2020,9884
"IL","wnd_Ndeep_3",2020,9884
"IN","wnd_Ndeep_3",2020,9884
"MI","wnd_Ndeep_3",2020,9884
"OH","wnd_Ndeep_3",2020,9884
"WI","wnd_Ndeep_3",2020,9884
"IL","wnd_Ndeep_4",2020,9884
"IN","wnd_Ndeep_4",2020,9884
"MI","wnd_Ndeep_4",2020,9884
"OH","wnd_Ndeep_4",2020,9884
"WI","wnd_Ndeep_4",2020,9884
"IL","wnd_Ndeep_5",2020,9884
"IN","wnd_Ndeep_5",2020,9884
"MI","wnd_Ndeep_5",2020,9884
"OH","wnd_Ndeep_5",2020,9884
"WI","wnd_Ndeep_5",2020,9884
"IL","wnd_Ndeep_6",2020,9884
"IN","wnd_Ndeep_6",2020,9884
"MI","wnd_Ndeep_6",2020,9884
"OH","wnd_Ndeep_6",2020,9884
"WI","wnd_Ndeep_6",2020,9884
"IL","wnd_Ndeep_7",2020,9884
"IN","wnd_Ndeep_7",2020,9884
"MI","wnd_Ndeep_7",2020,9884
"OH","wnd_Ndeep_7",2020,9884
"WI","wnd_Ndeep_7",2020,9884
"IA","col_N",2020,8373.687963
"KS","col_N",2020,8373.687963
"MN","col_N",2020,8373.687963
"MO","col_N",2020,8373.687963
"ND","col_N",2020,8373.687963
"NE","col_N",2020,8373.687963
"SD","col_N",2020,8373.687963
"IA","col_Nccs",2020,11311.56665
"KS","col_Nccs",2020,11311.56665
"MN","col_Nccs",2020,11311.56665
"MO","col_Nccs",2020,11311.56665
"ND","col_Nccs",2020,11311.56665
"NE","col_Nccs",2020,11311.56665
"SD","col_Nccs",2020,11311.56665
"IA","ngcc_N",2020,6330.245483
"KS","ngcc_N",2020,6330.245483
"MN","ngcc_N",2020,6330.245483
"MO","ngcc_N",2020,6330.245483
"ND","ngcc_N",2020,6330.245483
"NE","ngcc_N",2020,6330.245483
"SD","ngcc_N",2020,6330.245483
"IA","ngcc_Nccs",2020,7280.36979
"KS","ngcc_Nccs",2020,7280.36979
"MN","ngcc_Nccs",2020,7280.36979
"MO","ngcc_Nccs",2020,7280.36979
"ND","ngcc_Nccs",2020,7280.36979
"NE","ngcc_Nccs",2020,7280.36979
"SD","ngcc_Nccs",2020,7280.36979
"IA","ngtb_N",2020,9556.081117
"KS","ngtb_N",2020,9556.081117
"MN","ngtb_N",2020,9556.081117
"MO","ngtb_N",2020,9556.081117
"ND","ngtb_N",2020,9556.081117
"NE","ngtb_N",2020,9556.081117
"SD","ngtb_N",2020,9556.081117
"IA","nuc_N",2020,10488
"KS","nuc_N",2020,10488
"MN","nuc_N",2020,10488
"MO","nuc_N",2020,10488
"ND","nuc_N",2020,10488
"NE","nuc_N",2020,10488
"SD","nuc_N",2020,10488
"IA","bio_N",2020,12897.92085
"KS","bio_N",2020,12897.92085
"MN","bio_N",2020,12897.92085
"MO","bio_N",2020,12897.92085
"ND","bio_N",2020,12897.92085
"NE","bio_N",2020,12897.92085
"SD","bio_N",2020,12897.92085
"IA","lfg_N_hi",2020,18000
"KS","lfg_N_hi",2020,18000
"MN","lfg_N_hi",2020,18000
"MO","lfg_N_hi",2020,18000
"ND","lfg_N_hi",2020,18000
"NE","lfg_N_hi",2020,18000
"SD","lfg_N_hi",2020,18000
"IA","lfg_N_lo",2020,18000
"KS","lfg_N_lo",2020,18000
"MN","lfg_N_lo",2020,18000
"MO","lfg_N_lo",2020,18000
"ND","lfg_N_lo",2020,18000
"NE","lfg_N_lo",2020,18000
"SD","lfg_N_lo",2020,18000
"IA","lfg_N_vl",2020,18000
"KS","lfg_N_vl",2020,18000
"MN","lfg_N_vl",2020,18000
"MO","lfg_N_vl",2020,18000
"ND","lfg_N_vl",2020,18000
"NE","lfg_N_vl",2020,18000
"SD","lfg_N_vl",2020,18000
"IA","fc_N",2020,9209.489281
"KS","fc_N",2020,9209.489281
"MN","fc_N",2020,9209.489281
"MO","fc_N",2020,9209.489281
"ND","fc_N",2020,9209.489281
"NE","fc_N",2020,9209.489281
"SD","fc_N",2020,9209.489281
"IA","geo_N_1",2020,32969
"KS","geo_N_1",2020,32969
"MN","geo_N_1",2020,32969
"MO","geo_N_1",2020,32969
"ND","geo_N_1",2020,32969
"NE","geo_N_1",2020,32969
"SD","geo_N_1",2020,32969
"IA","geo_N_2",2020,32969
"KS","geo_N_2",2020,32969
"MN","geo_N_2",2020,32969
"MO","geo_N_2",2020,32969
"ND","geo_N_2",2020,32969
"NE","geo_N_2",2020,32969
"SD","geo_N_2",2020,32969
"IA","geo_N_3",2020,32969
"KS","geo_N_3",2020,32969
"MN","geo_N_3",2020,32969
"MO","geo_N_3",2020,32969
"ND","geo_N_3",2020,32969
"NE","geo_N_3",2020,32969
"SD","geo_N_3",2020,32969
"IA","geo_N_4",2020,32969
"KS","geo_N_4",2020,32969
"MN","geo_N_4",2020,32969
"MO","geo_N_4",2020,32969
"ND","geo_N_4",2020,32969
"NE","geo_N_4",2020,32969
"SD","geo_N_4",2020,32969
"IA","geo_N_5",2020,32969
"KS","geo_N_5",2020,32969
"MN","geo_N_5",2020,32969
"MO","geo_N_5",2020,32969
"ND","geo_N_5",2020,32969
"NE","geo_N_5",2020,32969
"SD","geo_N_5",2020,32969
"IA","geo_N_6",2020,32969
"KS","geo_N_6",2020,32969
"MN","geo_N_6",2020,32969
"MO","geo_N_6",2020,32969
"ND","geo_N_6",2020,32969
"NE","geo_N_6",2020,32969
"SD","geo_N_6",2020,32969
"IA","geo_N_7",2020,32969
"KS","geo_N_7",2020,32969
"MN","geo_N_7",2020,32969
"MO","geo_N_7",2020,32969
"ND","geo_N_7",2020,32969
"NE","geo_N_7",2020,32969
"SD","geo_N_7",2020,32969
"IA","geo_N_8",2020,32969
"KS","geo_N_8",2020,32969
"MN","geo_N_8",2020,32969
"MO","geo_N_8",2020,32969
"ND","geo_N_8",2020,32969
"NE","geo_N_8",2020,32969
"SD","geo_N_8",2020,32969
"IA","geo_N_9",2020,32969
"KS","geo_N_9",2020,32969
"MN","geo_N_9",2020,32969
"MO","geo_N_9",2020,32969
"ND","geo_N_9",2020,32969
"NE","geo_N_9",2020,32969
"SD","geo_N_9",2020,32969
"IA","geo_N_10",2020,32969
"KS","geo_N_10",2020,32969
"MN","geo_N_10",2020,32969
"MO","geo_N_10",2020,32969
"ND","geo_N_10",2020,32969
"NE","geo_N_10",2020,32969
"SD","geo_N_10",2020,32969
"IA","slrPV_N",2020,9884
"KS","slrPV_N",2020,9884
"MN","slrPV_N",2020,9884
"MO","slrPV_N",2020,9884
"ND","slrPV_N",2020,9884
"NE","slrPV_N",2020,9884
"SD","slrPV_N",2020,9884
"IA","slrCSP_N",2020,9884
"KS","slrCSP_N",2020,9884
"MN","slrCSP_N",2020,9884
"MO","slrCSP_N",2020,9884
"ND","slrCSP_N",2020,9884
"NE","slrCSP_N",2020,9884
"SD","slrCSP_N",2020,9884
"IA","wnd_Nonsh_3",2020,9884
"KS","wnd_Nonsh_3",2020,9884
"MN","wnd_Nonsh_3",2020,9884
"MO","wnd_Nonsh_3",2020,9884
"ND","wnd_Nonsh_3",2020,9884
"NE","wnd_Nonsh_3",2020,9884
"SD","wnd_Nonsh_3",2020,9884
"IA","wnd_Nonsh_4",2020,9884
"KS","wnd_Nonsh_4",2020,9884
"MN","wnd_Nonsh_4",2020,9884
"MO","wnd_Nonsh_4",2020,9884
"ND","wnd_Nonsh_4",2020,9884
"NE","wnd_Nonsh_4",2020,9884
"SD","wnd_Nonsh_4",2020,9884
"IA","wnd_Nonsh_5",2020,9884
"KS","wnd_Nonsh_5",2020,9884
"MN","wnd_Nonsh_5",2020,9884
"MO","wnd_Nonsh_5",2020,9884
"ND","wnd_Nonsh_5",2020,9884
"NE","wnd_Nonsh_5",2020,9884
"SD","wnd_Nonsh_5",2020,9884
"IA","wnd_Nonsh_6",2020,9884
"KS","wnd_Nonsh_6",2020,9884
"MN","wnd_Nonsh_6",2020,9884
"MO","wnd_Nonsh_6",2020,9884
"ND","wnd_Nonsh_6",2020,9884
"NE","wnd_Nonsh_6",2020,9884
"SD","wnd_Nonsh_6",2020,9884
"IA","wnd_Nonsh_7",2020,9884
"KS","wnd_Nonsh_7",2020,9884
"MN","wnd_Nonsh_7",2020,9884
"MO","wnd_Nonsh_7",2020,9884
"ND","wnd_Nonsh_7",2020,9884
"NE","wnd_Nonsh_7",2020,9884
"SD","wnd_Nonsh_7",2020,9884
"IA","wnd_Nshal_3",2020,9884
"KS","wnd_Nshal_3",2020,9884
"MN","wnd_Nshal_3",2020,9884
"MO","wnd_Nshal_3",2020,9884
"ND","wnd_Nshal_3",2020,9884
"NE","wnd_Nshal_3",2020,9884
"SD","wnd_Nshal_3",2020,9884
"IA","wnd_Nshal_4",2020,9884
"KS","wnd_Nshal_4",2020,9884
"MN","wnd_Nshal_4",2020,9884
"MO","wnd_Nshal_4",2020,9884
"ND","wnd_Nshal_4",2020,9884
"NE","wnd_Nshal_4",2020,9884
"SD","wnd_Nshal_4",2020,9884
"IA","wnd_Nshal_5",2020,9884
"KS","wnd_Nshal_5",2020,9884
"MN","wnd_Nshal_5",2020,9884
"MO","wnd_Nshal_5",2020,9884
"ND","wnd_Nshal_5",2020,9884
"NE","wnd_Nshal_5",2020,9884
"SD","wnd_Nshal_5",2020,9884
"IA","wnd_Nshal_6",2020,9884
"KS","wnd_Nshal_6",2020,9884
"MN","wnd_Nshal_6",2020,9884
"MO","wnd_Nshal_6",2020,9884
"ND","wnd_Nshal_6",2020,9884
"NE","wnd_Nshal_6",2020,9884
"SD","wnd_Nshal_6",2020,9884
"IA","wnd_Nshal_7",2020,9884
"KS","wnd_Nshal_7",2020,9884
"MN","wnd_Nshal_7",2020,9884
"MO","wnd_Nshal_7",2020,9884
"ND","wnd_Nshal_7",2020,9884
"NE","wnd_Nshal_7",2020,9884
"SD","wnd_Nshal_7",2020,9884
"IA","wnd_Ndeep_3",2020,9884
"KS","wnd_Ndeep_3",2020,9884
"MN","wnd_Ndeep_3",2020,9884
"MO","wnd_Ndeep_3",2020,9884
"ND","wnd_Ndeep_3",2020,9884
"NE","wnd_Ndeep_3",2020,9884
"SD","wnd_Ndeep_3",2020,9884
"IA","wnd_Ndeep_4",2020,9884
"KS","wnd_Ndeep_4",2020,9884
"MN","wnd_Ndeep_4",2020,9884
"MO","wnd_Ndeep_4",2020,9884
"ND","wnd_Ndeep_4",2020,9884
"NE","wnd_Ndeep_4",2020,9884
"SD","wnd_Ndeep_4",2020,9884
"IA","wnd_Ndeep_5",2020,9884
"KS","wnd_Ndeep_5",2020,9884
"MN","wnd_Ndeep_5",2020,9884
"MO","wnd_Ndeep_5",2020,9884
"ND","wnd_Ndeep_5",2020,9884
"NE","wnd_Ndeep_5",2020,9884
"SD","wnd_Ndeep_5",2020,9884
"IA","wnd_Ndeep_6",2020,9884
"KS","wnd_Ndeep_6",2020,9884
"MN","wnd_Ndeep_6",2020,9884
"MO","wnd_Ndeep_6",2020,9884
"ND","wnd_Ndeep_6",2020,9884
"NE","wnd_Ndeep_6",2020,9884
"SD","wnd_Ndeep_6",2020,9884
"IA","wnd_Ndeep_7",2020,9884
"KS","wnd_Ndeep_7",2020,9884
"MN","wnd_Ndeep_7",2020,9884
"MO","wnd_Ndeep_7",2020,9884
"ND","wnd_Ndeep_7",2020,9884
"NE","wnd_Ndeep_7",2020,9884
"SD","wnd_Ndeep_7",2020,9884
"FL","col_N",2020,8373.687963
"FL","col_Nccs",2020,11311.56665
"FL","ngcc_N",2020,6330.245483
"FL","ngcc_Nccs",2020,7280.36979
"FL","ngtb_N",2020,9556.081117
"FL","nuc_N",2020,10488
"FL","bio_N",2020,12897.92085
"FL","lfg_N_hi",2020,18000
"FL","lfg_N_lo",2020,18000
"FL","lfg_N_vl",2020,18000
"FL","fc_N",2020,9209.489281
"FL","geo_N_1",2020,32969
"FL","geo_N_2",2020,32969
"FL","geo_N_3",2020,32969
"FL","geo_N_4",2020,32969
"FL","geo_N_5",2020,32969
"FL","geo_N_6",2020,32969
"FL","geo_N_7",2020,32969
"FL","geo_N_8",2020,32969
"FL","geo_N_9",2020,32969
"FL","geo_N_10",2020,32969
"FL","slrPV_N",2020,9884
"FL","slrCSP_N",2020,9884
"FL","wnd_Nonsh_3",2020,9884
"FL","wnd_Nonsh_4",2020,9884
"FL","wnd_Nonsh_5",2020,9884
"FL","wnd_Nonsh_6",2020,9884
"FL","wnd_Nonsh_7",2020,9884
"FL","wnd_Nshal_3",2020,9884
"FL","wnd_Nshal_4",2020,9884
"FL","wnd_Nshal_5",2020,9884
"FL","wnd_Nshal_6",2020,9884
"FL","wnd_Nshal_7",2020,9884
"FL","wnd_Ndeep_3",2020,9884
"FL","wnd_Ndeep_4",2020,9884
"FL","wnd_Ndeep_5",2020,9884
"FL","wnd_Ndeep_6",2020,9884
"FL","wnd_Ndeep_7",2020,9884
"DC","col_N",2020,8373.687963
"DE","col_N",2020,8373.687963
"GA","col_N",2020,8373.687963
"MD","col_N",2020,8373.687963
"NC","col_N",2020,8373.687963
"SC","col_N",2020,8373.687963
"VA","col_N",2020,8373.687963
"WV","col_N",2020,8373.687963
"DC","col_Nccs",2020,11311.56665
"DE","col_Nccs",2020,11311.56665
"GA","col_Nccs",2020,11311.56665
"MD","col_Nccs",2020,11311.56665
"NC","col_Nccs",2020,11311.56665
"SC","col_Nccs",2020,11311.56665
"VA","col_Nccs",2020,11311.56665
"WV","col_Nccs",2020,11311.56665
"DC","ngcc_N",2020,6330.245483
"DE","ngcc_N",2020,6330.245483
"GA","ngcc_N",2020,6330.245483
"MD","ngcc_N",2020,6330.245483
"NC","ngcc_N",2020,6330.245483
"SC","ngcc_N",2020,6330.245483
"VA","ngcc_N",2020,6330.245483
"WV","ngcc_N",2020,6330.245483
"DC","ngcc_Nccs",2020,7280.36979
"DE","ngcc_Nccs",2020,7280.36979
"GA","ngcc_Nccs",2020,7280.36979
"MD","ngcc_Nccs",2020,7280.36979
"NC","ngcc_Nccs",2020,7280.36979
"SC","ngcc_Nccs",2020,7280.36979
"VA","ngcc_Nccs",2020,7280.36979
"WV","ngcc_Nccs",2020,7280.36979
"DC","ngtb_N",2020,9556.081117
"DE","ngtb_N",2020,9556.081117
"GA","ngtb_N",2020,9556.081117
"MD","ngtb_N",2020,9556.081117
"NC","ngtb_N",2020,9556.081117
"SC","ngtb_N",2020,9556.081117
"VA","ngtb_N",2020,9556.081117
"WV","ngtb_N",2020,9556.081117
"DC","nuc_N",2020,10488
"DE","nuc_N",2020,10488
"GA","nuc_N",2020,10488
"MD","nuc_N",2020,10488
"NC","nuc_N",2020,10488
"SC","nuc_N",2020,10488
"VA","nuc_N",2020,10488
"WV","nuc_N",2020,10488
"DC","bio_N",2020,12897.92085
"DE","bio_N",2020,12897.92085
"GA","bio_N",2020,12897.92085
"MD","bio_N",2020,12897.92085
"NC","bio_N",2020,12897.92085
"SC","bio_N",2020,12897.92085
"VA","bio_N",2020,12897.92085
"WV","bio_N",2020,12897.92085
"DC","lfg_N_hi",2020,18000
"DE","lfg_N_hi",2020,18000
"GA","lfg_N_hi",2020,18000
"MD","lfg_N_hi",2020,18000
"NC","lfg_N_hi",2020,18000
"SC","lfg_N_hi",2020,18000
"VA","lfg_N_hi",2020,18000
"WV","lfg_N_hi",2020,18000
"DC","lfg_N_lo",2020,18000
"DE","lfg_N_lo",2020,18000
"GA","lfg_N_lo",2020,18000
"MD","lfg_N_lo",2020,18000
"NC","lfg_N_lo",2020,18000
"SC","lfg_N_lo",2020,18000
"VA","lfg_N_lo",2020,18000
"WV","lfg_N_lo",2020,18000
"DC","lfg_N_vl",2020,18000
"DE","lfg_N_vl",2020,18000
"GA","lfg_N_vl",2020,18000
"MD","lfg_N_vl",2020,18000
"NC","lfg_N_vl",2020,18000
"SC","lfg_N_vl",2020,18000
"VA","lfg_N_vl",2020,18000
"WV","lfg_N_vl",2020,18000
"DC","fc_N",2020,9209.489281
"DE","fc_N",2020,9209.489281
"GA","fc_N",2020,9209.489281
"MD","fc_N",2020,9209.489281
"NC","fc_N",2020,9209.489281
"SC","fc_N",2020,9209.489281
"VA","fc_N",2020,9209.489281
"WV","fc_N",2020,9209.489281
"DC","geo_N_1",2020,32969
"DE","geo_N_1",2020,32969
"GA","geo_N_1",2020,32969
"MD","geo_N_1",2020,32969
"NC","geo_N_1",2020,32969
"SC","geo_N_1",2020,32969
"VA","geo_N_1",2020,32969
"WV","geo_N_1",2020,32969
"DC","geo_N_2",2020,32969
"DE","geo_N_2",2020,32969
"GA","geo_N_2",2020,32969
"MD","geo_N_2",2020,32969
"NC","geo_N_2",2020,32969
"SC","geo_N_2",2020,32969
"VA","geo_N_2",2020,32969
"WV","geo_N_2",2020,32969
"DC","geo_N_3",2020,32969
"DE","geo_N_3",2020,32969
"GA","geo_N_3",2020,32969
"MD","geo_N_3",2020,32969
"NC","geo_N_3",2020,32969
"SC","geo_N_3",2020,32969
"VA","geo_N_3",2020,32969
"WV","geo_N_3",2020,32969
"DC","geo_N_4",2020,32969
"DE","geo_N_4",2020,32969
"GA","geo_N_4",2020,32969
"MD","geo_N_4",2020,32969
"NC","geo_N_4",2020,32969
"SC","geo_N_4",2020,32969
"VA","geo_N_4",2020,32969
"WV","geo_N_4",2020,32969
"DC","geo_N_5",2020,32969
"DE","geo_N_5",2020,32969
"GA","geo_N_5",2020,32969
"MD","geo_N_5",2020,32969
"NC","geo_N_5",2020,32969
"SC","geo_N_5",2020,32969
"VA","geo_N_5",2020,32969
"WV","geo_N_5",2020,32969
"DC","geo_N_6",2020,32969
"DE","geo_N_6",2020,32969
"GA","geo_N_6",2020,32969
"MD","geo_N_6",2020,32969
"NC","geo_N_6",2020,32969
"SC","geo_N_6",2020,32969
"VA","geo_N_6",2020,32969
"WV","geo_N_6",2020,32969
"DC","geo_N_7",2020,32969
"DE","geo_N_7",2020,32969
"GA","geo_N_7",2020,32969
"MD","geo_N_7",2020,32969
"NC","geo_N_7",2020,32969
"SC","geo_N_7",2020,32969
"VA","geo_N_7",2020,32969
"WV","geo_N_7",2020,32969
"DC","geo_N_8",2020,32969
"DE","geo_N_8",2020,32969
"GA","geo_N_8",2020,32969
"MD","geo_N_8",2020,32969
"NC","geo_N_8",2020,32969
"SC","geo_N_8",2020,32969
"VA","geo_N_8",2020,32969
"WV","geo_N_8",2020,32969
"DC","geo_N_9",2020,32969
"DE","geo_N_9",2020,32969
"GA","geo_N_9",2020,32969
"MD","geo_N_9",2020,32969
"NC","geo_N_9",2020,32969
"SC","geo_N_9",2020,32969
"VA","geo_N_9",2020,32969
"WV","geo_N_9",2020,32969
"DC","geo_N_10",2020,32969
"DE","geo_N_10",2020,32969
"GA","geo_N_10",2020,32969
"MD","geo_N_10",2020,32969
"NC","geo_N_10",2020,32969
"SC","geo_N_10",2020,32969
"VA","geo_N_10",2020,32969
"WV","geo_N_10",2020,32969
"DC","slrPV_N",2020,9884
"DE","slrPV_N",2020,9884
"GA","slrPV_N",2020,9884
"MD","slrPV_N",2020,9884
"NC","slrPV_N",2020,9884
"SC","slrPV_N",2020,9884
"VA","slrPV_N",2020,9884
"WV","slrPV_N",2020,9884
"DC","slrCSP_N",2020,9884
"DE","slrCSP_N",2020,9884
"GA","slrCSP_N",2020,9884
"MD","slrCSP_N",2020,9884
"NC","slrCSP_N",2020,9884
"SC","slrCSP_N",2020,9884
"VA","slrCSP_N",2020,9884
"WV","slrCSP_N",2020,9884
"DC","wnd_Nonsh_3",2020,9884
"DE","wnd_Nonsh_3",2020,9884
"GA","wnd_Nonsh_3",2020,9884
"MD","wnd_Nonsh_3",2020,9884
"NC","wnd_Nonsh_3",2020,9884
"SC","wnd_Nonsh_3",2020,9884
"VA","wnd_Nonsh_3",2020,9884
"WV","wnd_Nonsh_3",2020,9884
"DC","wnd_Nonsh_4",2020,9884
"DE","wnd_Nonsh_4",2020,9884
"GA","wnd_Nonsh_4",2020,9884
"MD","wnd_Nonsh_4",2020,9884
"NC","wnd_Nonsh_4",2020,9884
"SC","wnd_Nonsh_4",2020,9884
"VA","wnd_Nonsh_4",2020,9884
"WV","wnd_Nonsh_4",2020,9884
"DC","wnd_Nonsh_5",2020,9884
"DE","wnd_Nonsh_5",2020,9884
"GA","wnd_Nonsh_5",2020,9884
"MD","wnd_Nonsh_5",2020,9884
"NC","wnd_Nonsh_5",2020,9884
"SC","wnd_Nonsh_5",2020,9884
"VA","wnd_Nonsh_5",2020,9884
"WV","wnd_Nonsh_5",2020,9884
"DC","wnd_Nonsh_6",2020,9884
"DE","wnd_Nonsh_6",2020,9884
"GA","wnd_Nonsh_6",2020,9884
"MD","wnd_Nonsh_6",2020,9884
"NC","wnd_Nonsh_6",2020,9884
"SC","wnd_Nonsh_6",2020,9884
"VA","wnd_Nonsh_6",2020,9884
"WV","wnd_Nonsh_6",2020,9884
"DC","wnd_Nonsh_7",2020,9884
"DE","wnd_Nonsh_7",2020,9884
"GA","wnd_Nonsh_7",2020,9884
"MD","wnd_Nonsh_7",2020,9884
"NC","wnd_Nonsh_7",2020,9884
"SC","wnd_Nonsh_7",2020,9884
"VA","wnd_Nonsh_7",2020,9884
"WV","wnd_Nonsh_7",2020,9884
"DC","wnd_Nshal_3",2020,9884
"DE","wnd_Nshal_3",2020,9884
"GA","wnd_Nshal_3",2020,9884
"MD","wnd_Nshal_3",2020,9884
"NC","wnd_Nshal_3",2020,9884
"SC","wnd_Nshal_3",2020,9884
"VA","wnd_Nshal_3",2020,9884
"WV","wnd_Nshal_3",2020,9884
"DC","wnd_Nshal_4",2020,9884
"DE","wnd_Nshal_4",2020,9884
"GA","wnd_Nshal_4",2020,9884
"MD","wnd_Nshal_4",2020,9884
"NC","wnd_Nshal_4",2020,9884
"SC","wnd_Nshal_4",2020,9884
"VA","wnd_Nshal_4",2020,9884
"WV","wnd_Nshal_4",2020,9884
"DC","wnd_Nshal_5",2020,9884
"DE","wnd_Nshal_5",2020,9884
"GA","wnd_Nshal_5",2020,9884
"MD","wnd_Nshal_5",2020,9884
"NC","wnd_Nshal_5",2020,9884
"SC","wnd_Nshal_5",2020,9884
"VA","wnd_Nshal_5",2020,9884
"WV","wnd_Nshal_5",2020,9884
"DC","wnd_Nshal_6",2020,9884
"DE","wnd_Nshal_6",2020,9884
"GA","wnd_Nshal_6",2020,9884
"MD","wnd_Nshal_6",2020,9884
"NC","wnd_Nshal_6",2020,9884
"SC","wnd_Nshal_6",2020,9884
"VA","wnd_Nshal_6",2020,9884
"WV","wnd_Nshal_6",2020,9884
"DC","wnd_Nshal_7",2020,9884
"DE","wnd_Nshal_7",2020,9884
"GA","wnd_Nshal_7",2020,9884
"MD","wnd_Nshal_7",2020,9884
"NC","wnd_Nshal_7",2020,9884
"SC","wnd_Nshal_7",2020,9884
"VA","wnd_Nshal_7",2020,9884
"WV","wnd_Nshal_7",2020,9884
"DC","wnd_Ndeep_3",2020,9884
"DE","wnd_Ndeep_3",2020,9884
"GA","wnd_Ndeep_3",2020,9884
"MD","wnd_Ndeep_3",2020,9884
"NC","wnd_Ndeep_3",2020,9884
"SC","wnd_Ndeep_3",2020,9884
"VA","wnd_Ndeep_3",2020,9884
"WV","wnd_Ndeep_3",2020,9884
"DC","wnd_Ndeep_4",2020,9884
"DE","wnd_Ndeep_4",2020,9884
"GA","wnd_Ndeep_4",2020,9884
"MD","wnd_Ndeep_4",2020,9884
"NC","wnd_Ndeep_4",2020,9884
"SC","wnd_Ndeep_4",2020,9884
"VA","wnd_Ndeep_4",2020,9884
"WV","wnd_Ndeep_4",2020,9884
"DC","wnd_Ndeep_5",2020,9884
"DE","wnd_Ndeep_5",2020,9884
"GA","wnd_Ndeep_5",2020,9884
"MD","wnd_Ndeep_5",2020,9884
"NC","wnd_Ndeep_5",2020,9884
"SC","wnd_Ndeep_5",2020,9884
"VA","wnd_Ndeep_5",2020,9884
"WV","wnd_Ndeep_5",2020,9884
"DC","wnd_Ndeep_6",2020,9884
"DE","wnd_Ndeep_6",2020,9884
"GA","wnd_Ndeep_6",2020,9884
"MD","wnd_Ndeep_6",2020,9884
"NC","wnd_Ndeep_6",2020,9884
"SC","wnd_Ndeep_6",2020,9884
"VA","wnd_Ndeep_6",2020,9884
"WV","wnd_Ndeep_6",2020,9884
"DC","wnd_Ndeep_7",2020,9884
"DE","wnd_Ndeep_7",2020,9884
"GA","wnd_Ndeep_7",2020,9884
"MD","wnd_Ndeep_7",2020,9884
"NC","wnd_Ndeep_7",2020,9884
"SC","wnd_Ndeep_7",2020,9884
"VA","wnd_Ndeep_7",2020,9884
"WV","wnd_Ndeep_7",2020,9884
"AL","col_N",2020,8373.687963
"KY","col_N",2020,8373.687963
"MS","col_N",2020,8373.687963
"TN","col_N",2020,8373.687963
"AL","col_Nccs",2020,11311.56665
"KY","col_Nccs",2020,11311.56665
"MS","col_Nccs",2020,11311.56665
"TN","col_Nccs",2020,11311.56665
"AL","ngcc_N",2020,6330.245483
"KY","ngcc_N",2020,6330.245483
"MS","ngcc_N",2020,6330.245483
"TN","ngcc_N",2020,6330.245483
"AL","ngcc_Nccs",2020,7280.36979
"KY","ngcc_Nccs",2020,7280.36979
"MS","ngcc_Nccs",2020,7280.36979
"TN","ngcc_Nccs",2020,7280.36979
"AL","ngtb_N",2020,9556.081117
"KY","ngtb_N",2020,9556.081117
"MS","ngtb_N",2020,9556.081117
"TN","ngtb_N",2020,9556.081117
"AL","nuc_N",2020,10488
"KY","nuc_N",2020,10488
"MS","nuc_N",2020,10488
"TN","nuc_N",2020,10488
"AL","bio_N",2020,12897.92085
"KY","bio_N",2020,12897.92085
"MS","bio_N",2020,12897.92085
"TN","bio_N",2020,12897.92085
"AL","lfg_N_hi",2020,18000
"KY","lfg_N_hi",2020,18000
"MS","lfg_N_hi",2020,18000
"TN","lfg_N_hi",2020,18000
"AL","lfg_N_lo",2020,18000
"KY","lfg_N_lo",2020,18000
"MS","lfg_N_lo",2020,18000
"TN","lfg_N_lo",2020,18000
"AL","lfg_N_vl",2020,18000
"KY","lfg_N_vl",2020,18000
"MS","lfg_N_vl",2020,18000
"TN","lfg_N_vl",2020,18000
"AL","fc_N",2020,9209.489281
"KY","fc_N",2020,9209.489281
"MS","fc_N",2020,9209.489281
"TN","fc_N",2020,9209.489281
"AL","geo_N_1",2020,32969
"KY","geo_N_1",2020,32969
"MS","geo_N_1",2020,32969
"TN","geo_N_1",2020,32969
"AL","geo_N_2",2020,32969
"KY","geo_N_2",2020,32969
"MS","geo_N_2",2020,32969
"TN","geo_N_2",2020,32969
"AL","geo_N_3",2020,32969
"KY","geo_N_3",2020,32969
"MS","geo_N_3",2020,32969
"TN","geo_N_3",2020,32969
"AL","geo_N_4",2020,32969
"KY","geo_N_4",2020,32969
"MS","geo_N_4",2020,32969
"TN","geo_N_4",2020,32969
"AL","geo_N_5",2020,32969
"KY","geo_N_5",2020,32969
"MS","geo_N_5",2020,32969
"TN","geo_N_5",2020,32969
"AL","geo_N_6",2020,32969
"KY","geo_N_6",2020,32969
"MS","geo_N_6",2020,32969
"TN","geo_N_6",2020,32969
"AL","geo_N_7",2020,32969
"KY","geo_N_7",2020,32969
"MS","geo_N_7",2020,32969
"TN","geo_N_7",2020,32969
"AL","geo_N_8",2020,32969
"KY","geo_N_8",2020,32969
"MS","geo_N_8",2020,32969
"TN","geo_N_8",2020,32969
"AL","geo_N_9",2020,32969
"KY","geo_N_9",2020,32969
"MS","geo_N_9",2020,32969
"TN","geo_N_9",2020,32969
"AL","geo_N_10",2020,32969
"KY","geo_N_10",2020,32969
"MS","geo_N_10",2020,32969
"TN","geo_N_10",2020,32969
"AL","slrPV_N",2020,9884
"KY","slrPV_N",2020,9884
"MS","slrPV_N",2020,9884
"TN","slrPV_N",2020,9884
"AL","slrCSP_N",2020,9884
"KY","slrCSP_N",2020,9884
"MS","slrCSP_N",2020,9884
"TN","slrCSP_N",2020,9884
"AL","wnd_Nonsh_3",2020,9884
"KY","wnd_Nonsh_3",2020,9884
"MS","wnd_Nonsh_3",2020,9884
"TN","wnd_Nonsh_3",2020,9884
"AL","wnd_Nonsh_4",2020,9884
"KY","wnd_Nonsh_4",2020,9884
"MS","wnd_Nonsh_4",2020,9884
"TN","wnd_Nonsh_4",2020,9884
"AL","wnd_Nonsh_5",2020,9884
"KY","wnd_Nonsh_5",2020,9884
"MS","wnd_Nonsh_5",2020,9884
"TN","wnd_Nonsh_5",2020,9884
"AL","wnd_Nonsh_6",2020,9884
"KY","wnd_Nonsh_6",2020,9884
"MS","wnd_Nonsh_6",2020,9884
"TN","wnd_Nonsh_6",2020,9884
"AL","wnd_Nonsh_7",2020,9884
"KY","wnd_Nonsh_7",2020,9884
"MS","wnd_Nonsh_7",2020,9884
"TN","wnd_Nonsh_7",2020,9884
"AL","wnd_Nshal_3",2020,9884
"KY","wnd_Nshal_3",2020,9884
"MS","wnd_Nshal_3",2020,9884
"TN","wnd_Nshal_3",2020,9884
"AL","wnd_Nshal_4",2020,9884
"KY","wnd_Nshal_4",2020,9884
"MS","wnd_Nshal_4",2020,9884
"TN","wnd_Nshal_4",2020,9884
"AL","wnd_Nshal_5",2020,9884
"KY","wnd_Nshal_5",2020,9884
"MS","wnd_Nshal_5",2020,9884
"TN","wnd_Nshal_5",2020,9884
"AL","wnd_Nshal_6",2020,9884
"KY","wnd_Nshal_6",2020,9884
"MS","wnd_Nshal_6",2020,9884
"TN","wnd_Nshal_6",2020,9884
"AL","wnd_Nshal_7",2020,9884
"KY","wnd_Nshal_7",2020,9884
"MS","wnd_Nshal_7",2020,9884
"TN","wnd_Nshal_7",2020,9884
"AL","wnd_Ndeep_3",2020,9884
"KY","wnd_Ndeep_3",2020,9884
"MS","wnd_Ndeep_3",2020,9884
"TN","wnd_Ndeep_3",2020,9884
"AL","wnd_Ndeep_4",2020,9884
"KY","wnd_Ndeep_4",2020,9884
"MS","wnd_Ndeep_4",2020,9884
"TN","wnd_Ndeep_4",2020,9884
"AL","wnd_Ndeep_5",2020,9884
"KY","wnd_Ndeep_5",2020,9884
"MS","wnd_Ndeep_5",2020,9884
"TN","wnd_Ndeep_5",2020,9884
"AL","wnd_Ndeep_6",2020,9884
"KY","wnd_Ndeep_6",2020,9884
"MS","wnd_Ndeep_6",2020,9884
"TN","wnd_Ndeep_6",2020,9884
"AL","wnd_Ndeep_7",2020,9884
"KY","wnd_Ndeep_7",2020,9884
"MS","wnd_Ndeep_7",2020,9884
"TN","wnd_Ndeep_7",2020,9884
"TX","col_N",2020,8373.687963
"TX","col_Nccs",2020,11311.56665
"TX","ngcc_N",2020,6330.245483
"TX","ngcc_Nccs",2020,7280.36979
"TX","ngtb_N",2020,9556.081117
"TX","nuc_N",2020,10488
"TX","bio_N",2020,12897.92085
"TX","lfg_N_hi",2020,18000
"TX","lfg_N_lo",2020,18000
"TX","lfg_N_vl",2020,18000
"TX","fc_N",2020,9209.489281
"TX","geo_N_1",2020,32969
"TX","geo_N_2",2020,32969
"TX","geo_N_3",2020,32969
"TX","geo_N_4",2020,32969
"TX","geo_N_5",2020,32969
"TX","geo_N_6",2020,32969
"TX","geo_N_7",2020,32969
"TX","geo_N_8",2020,32969
"TX","geo_N_9",2020,32969
"TX","geo_N_10",2020,32969
"TX","slrPV_N",2020,9884
"TX","slrCSP_N",2020,9884
"TX","wnd_Nonsh_3",2020,9884
"TX","wnd_Nonsh_4",2020,9884
"TX","wnd_Nonsh_5",2020,9884
"TX","wnd_Nonsh_6",2020,9884
"TX","wnd_Nonsh_7",2020,9884
"TX","wnd_Nshal_3",2020,9884
"TX","wnd_Nshal_4",2020,9884
"TX","wnd_Nshal_5",2020,9884
"TX","wnd_Nshal_6",2020,9884
"TX","wnd_Nshal_7",2020,9884
"TX","wnd_Ndeep_3",2020,9884
"TX","wnd_Ndeep_4",2020,9884
"TX","wnd_Ndeep_5",2020,9884
"TX","wnd_Ndeep_6",2020,9884
"TX","wnd_Ndeep_7",2020,9884
"AR","col_N",2020,8373.687963
"LA","col_N",2020,8373.687963
"OK","col_N",2020,8373.687963
"AR","col_Nccs",2020,11311.56665
"LA","col_Nccs",2020,11311.56665
"OK","col_Nccs",2020,11311.56665
"AR","ngcc_N",2020,6330.245483
"LA","ngcc_N",2020,6330.245483
"OK","ngcc_N",2020,6330.245483
"AR","ngcc_Nccs",2020,7280.36979
"LA","ngcc_Nccs",2020,7280.36979
"OK","ngcc_Nccs",2020,7280.36979
"AR","ngtb_N",2020,9556.081117
"LA","ngtb_N",2020,9556.081117
"OK","ngtb_N",2020,9556.081117
"AR","nuc_N",2020,10488
"LA","nuc_N",2020,10488
"OK","nuc_N",2020,10488
"AR","bio_N",2020,12897.92085
"LA","bio_N",2020,12897.92085
"OK","bio_N",2020,12897.92085
"AR","lfg_N_hi",2020,18000
"LA","lfg_N_hi",2020,18000
"OK","lfg_N_hi",2020,18000
"AR","lfg_N_lo",2020,18000
"LA","lfg_N_lo",2020,18000
"OK","lfg_N_lo",2020,18000
"AR","lfg_N_vl",2020,18000
"LA","lfg_N_vl",2020,18000
"OK","lfg_N_vl",2020,18000
"AR","fc_N",2020,9209.489281
"LA","fc_N",2020,9209.489281
"OK","fc_N",2020,9209.489281
"AR","geo_N_1",2020,32969
"LA","geo_N_1",2020,32969
"OK","geo_N_1",2020,32969
"AR","geo_N_2",2020,32969
"LA","geo_N_2",2020,32969
"OK","geo_N_2",2020,32969
"AR","geo_N_3",2020,32969
"LA","geo_N_3",2020,32969
"OK","geo_N_3",2020,32969
"AR","geo_N_4",2020,32969
"LA","geo_N_4",2020,32969
"OK","geo_N_4",2020,32969
"AR","geo_N_5",2020,32969
"LA","geo_N_5",2020,32969
"OK","geo_N_5",2020,32969
"AR","geo_N_6",2020,32969
"LA","geo_N_6",2020,32969
"OK","geo_N_6",2020,32969
"AR","geo_N_7",2020,32969
"LA","geo_N_7",2020,32969
"OK","geo_N_7",2020,32969
"AR","geo_N_8",2020,32969
"LA","geo_N_8",2020,32969
"OK","geo_N_8",2020,32969
"AR","geo_N_9",2020,32969
"LA","geo_N_9",2020,32969
"OK","geo_N_9",2020,32969
"AR","geo_N_10",2020,32969
"LA","geo_N_10",2020,32969
"OK","geo_N_10",2020,32969
"AR","slrPV_N",2020,9884
"LA","slrPV_N",2020,9884
"OK","slrPV_N",2020,9884
"AR","slrCSP_N",2020,9884
"LA","slrCSP_N",2020,9884
"OK","slrCSP_N",2020,9884
"AR","wnd_Nonsh_3",2020,9884
"LA","wnd_Nonsh_3",2020,9884
"OK","wnd_Nonsh_3",2020,9884
"AR","wnd_Nonsh_4",2020,9884
"LA","wnd_Nonsh_4",2020,9884
"OK","wnd_Nonsh_4",2020,9884
"AR","wnd_Nonsh_5",2020,9884
"LA","wnd_Nonsh_5",2020,9884
"OK","wnd_Nonsh_5",2020,9884
"AR","wnd_Nonsh_6",2020,9884
"LA","wnd_Nonsh_6",2020,9884
"OK","wnd_Nonsh_6",2020,9884
"AR","wnd_Nonsh_7",2020,9884
"LA","wnd_Nonsh_7",2020,9884
"OK","wnd_Nonsh_7",2020,9884
"AR","wnd_Nshal_3",2020,9884
"LA","wnd_Nshal_3",2020,9884
"OK","wnd_Nshal_3",2020,9884
"AR","wnd_Nshal_4",2020,9884
"LA","wnd_Nshal_4",2020,9884
"OK","wnd_Nshal_4",2020,9884
"AR","wnd_Nshal_5",2020,9884
"LA","wnd_Nshal_5",2020,9884
"OK","wnd_Nshal_5",2020,9884
"AR","wnd_Nshal_6",2020,9884
"LA","wnd_Nshal_6",2020,9884
"OK","wnd_Nshal_6",2020,9884
"AR","wnd_Nshal_7",2020,9884
"LA","wnd_Nshal_7",2020,9884
"OK","wnd_Nshal_7",2020,9884
"AR","wnd_Ndeep_3",2020,9884
"LA","wnd_Ndeep_3",2020,9884
"OK","wnd_Ndeep_3",2020,9884
"AR","wnd_Ndeep_4",2020,9884
"LA","wnd_Ndeep_4",2020,9884
"OK","wnd_Ndeep_4",2020,9884
"AR","wnd_Ndeep_5",2020,9884
"LA","wnd_Ndeep_5",2020,9884
"OK","wnd_Ndeep_5",2020,9884
"AR","wnd_Ndeep_6",2020,9884
"LA","wnd_Ndeep_6",2020,9884
"OK","wnd_Ndeep_6",2020,9884
"AR","wnd_Ndeep_7",2020,9884
"LA","wnd_Ndeep_7",2020,9884
"OK","wnd_Ndeep_7",2020,9884
"AZ","col_N",2020,8373.687963
"CO","col_N",2020,8373.687963
"ID","col_N",2020,8373.687963
"MT","col_N",2020,8373.687963
"NM","col_N",2020,8373.687963
"NV","col_N",2020,8373.687963
"UT","col_N",2020,8373.687963
"WY","col_N",2020,8373.687963
"AZ","col_Nccs",2020,11311.56665
"CO","col_Nccs",2020,11311.56665
"ID","col_Nccs",2020,11311.56665
"MT","col_Nccs",2020,11311.56665
"NM","col_Nccs",2020,11311.56665
"NV","col_Nccs",2020,11311.56665
"UT","col_Nccs",2020,11311.56665
"WY","col_Nccs",2020,11311.56665
"AZ","ngcc_N",2020,6330.245483
"CO","ngcc_N",2020,6330.245483
"ID","ngcc_N",2020,6330.245483
"MT","ngcc_N",2020,6330.245483
"NM","ngcc_N",2020,6330.245483
"NV","ngcc_N",2020,6330.245483
"UT","ngcc_N",2020,6330.245483
"WY","ngcc_N",2020,6330.245483
"AZ","ngcc_Nccs",2020,7280.36979
"CO","ngcc_Nccs",2020,7280.36979
"ID","ngcc_Nccs",2020,7280.36979
"MT","ngcc_Nccs",2020,7280.36979
"NM","ngcc_Nccs",2020,7280.36979
"NV","ngcc_Nccs",2020,7280.36979
"UT","ngcc_Nccs",2020,7280.36979
"WY","ngcc_Nccs",2020,7280.36979
"AZ","ngtb_N",2020,9556.081117
"CO","ngtb_N",2020,9556.081117
"ID","ngtb_N",2020,9556.081117
"MT","ngtb_N",2020,9556.081117
"NM","ngtb_N",2020,9556.081117
"NV","ngtb_N",2020,9556.081117
"UT","ngtb_N",2020,9556.081117
"WY","ngtb_N",2020,9556.081117
"AZ","nuc_N",2020,10488
"CO","nuc_N",2020,10488
"ID","nuc_N",2020,10488
"MT","nuc_N",2020,10488
"NM","nuc_N",2020,10488
"NV","nuc_N",2020,10488
"UT","nuc_N",2020,10488
"WY","nuc_N",2020,10488
"AZ","bio_N",2020,12897.92085
"CO","bio_N",2020,12897.92085
"ID","bio_N",2020,12897.92085
"MT","bio_N",2020,12897.92085
"NM","bio_N",2020,12897.92085
"NV","bio_N",2020,12897.92085
"UT","bio_N",2020,12897.92085
"WY","bio_N",2020,12897.92085
"AZ","lfg_N_hi",2020,18000
"CO","lfg_N_hi",2020,18000
"ID","lfg_N_hi",2020,18000
"MT","lfg_N_hi",2020,18000
"NM","lfg_N_hi",2020,18000
"NV","lfg_N_hi",2020,18000
"UT","lfg_N_hi",2020,18000
"WY","lfg_N_hi",2020,18000
"AZ","lfg_N_lo",2020,18000
"CO","lfg_N_lo",2020,18000
"ID","lfg_N_lo",2020,18000
"MT","lfg_N_lo",2020,18000
"NM","lfg_N_lo",2020,18000
"NV","lfg_N_lo",2020,18000
"UT","lfg_N_lo",2020,18000
"WY","lfg_N_lo",2020,18000
"AZ","lfg_N_vl",2020,18000
"CO","lfg_N_vl",2020,18000
"ID","lfg_N_vl",2020,18000
"MT","lfg_N_vl",2020,18000
"NM","lfg_N_vl",2020,18000
"NV","lfg_N_vl",2020,18000
"UT","lfg_N_vl",2020,18000
"WY","lfg_N_vl",2020,18000
"AZ","fc_N",2020,9209.489281
"CO","fc_N",2020,9209.489281
"ID","fc_N",2020,9209.489281
"MT","fc_N",2020,9209.489281
"NM","fc_N",2020,9209.489281
"NV","fc_N",2020,9209.489281
"UT","fc_N",2020,9209.489281
"WY","fc_N",2020,9209.489281
"AZ","geo_N_1",2020,32969
"CO","geo_N_1",2020,32969
"ID","geo_N_1",2020,32969
"MT","geo_N_1",2020,32969
"NM","geo_N_1",2020,32969
"NV","geo_N_1",2020,32969
"UT","geo_N_1",2020,32969
"WY","geo_N_1",2020,32969
"AZ","geo_N_2",2020,32969
"CO","geo_N_2",2020,32969
"ID","geo_N_2",2020,32969
"MT","geo_N_2",2020,32969
"NM","geo_N_2",2020,32969
"NV","geo_N_2",2020,32969
"UT","geo_N_2",2020,32969
"WY","geo_N_2",2020,32969
"AZ","geo_N_3",2020,32969
"CO","geo_N_3",2020,32969
"ID","geo_N_3",2020,32969
"MT","geo_N_3",2020,32969
"NM","geo_N_3",2020,32969
"NV","geo_N_3",2020,32969
"UT","geo_N_3",2020,32969
"WY","geo_N_3",2020,32969
"AZ","geo_N_4",2020,32969
"CO","geo_N_4",2020,32969
"ID","geo_N_4",2020,32969
"MT","geo_N_4",2020,32969
"NM","geo_N_4",2020,32969
"NV","geo_N_4",2020,32969
"UT","geo_N_4",2020,32969
"WY","geo_N_4",2020,32969
"AZ","geo_N_5",2020,32969
"CO","geo_N_5",2020,32969
"ID","geo_N_5",2020,32969
"MT","geo_N_5",2020,32969
"NM","geo_N_5",2020,32969
"NV","geo_N_5",2020,32969
"UT","geo_N_5",2020,32969
"WY","geo_N_5",2020,32969
"AZ","geo_N_6",2020,32969
"CO","geo_N_6",2020,32969
"ID","geo_N_6",2020,32969
"MT","geo_N_6",2020,32969
"NM","geo_N_6",2020,32969
"NV","geo_N_6",2020,32969
"UT","geo_N_6",2020,32969
"WY","geo_N_6",2020,32969
"AZ","geo_N_7",2020,32969
"CO","geo_N_7",2020,32969
"ID","geo_N_7",2020,32969
"MT","geo_N_7",2020,32969
"NM","geo_N_7",2020,32969
"NV","geo_N_7",2020,32969
"UT","geo_N_7",2020,32969
"WY","geo_N_7",2020,32969
"AZ","geo_N_8",2020,32969
"CO","geo_N_8",2020,32969
"ID","geo_N_8",2020,32969
"MT","geo_N_8",2020,32969
"NM","geo_N_8",2020,32969
"NV","geo_N_8",2020,32969
"UT","geo_N_8",2020,32969
"WY","geo_N_8",2020,32969
"AZ","geo_N_9",2020,32969
"CO","geo_N_9",2020,32969
"ID","geo_N_9",2020,32969
"MT","geo_N_9",2020,32969
"NM","geo_N_9",2020,32969
"NV","geo_N_9",2020,32969
"UT","geo_N_9",2020,32969
"WY","geo_N_9",2020,32969
"AZ","geo_N_10",2020,32969
"CO","geo_N_10",2020,32969
"ID","geo_N_10",2020,32969
"MT","geo_N_10",2020,32969
"NM","geo_N_10",2020,32969
"NV","geo_N_10",2020,32969
"UT","geo_N_10",2020,32969
"WY","geo_N_10",2020,32969
"AZ","slrPV_N",2020,9884
"CO","slrPV_N",2020,9884
"ID","slrPV_N",2020,9884
"MT","slrPV_N",2020,9884
"NM","slrPV_N",2020,9884
"NV","slrPV_N",2020,9884
"UT","slrPV_N",2020,9884
"WY","slrPV_N",2020,9884
"AZ","slrCSP_N",2020,9884
"CO","slrCSP_N",2020,9884
"ID","slrCSP_N",2020,9884
"MT","slrCSP_N",2020,9884
"NM","slrCSP_N",2020,9884
"NV","slrCSP_N",2020,9884
"UT","slrCSP_N",2020,9884
"WY","slrCSP_N",2020,9884
"AZ","wnd_Nonsh_3",2020,9884
"CO","wnd_Nonsh_3",2020,9884
"ID","wnd_Nonsh_3",2020,9884
"MT","wnd_Nonsh_3",2020,9884
"NM","wnd_Nonsh_3",2020,9884
"NV","wnd_Nonsh_3",2020,9884
"UT","wnd_Nonsh_3",2020,9884
"WY","wnd_Nonsh_3",2020,9884
"AZ","wnd_Nonsh_4",2020,9884
"CO","wnd_Nonsh_4",2020,9884
"ID","wnd_Nonsh_4",2020,9884
"MT","wnd_Nonsh_4",2020,9884
"NM","wnd_Nonsh_4",2020,9884
"NV","wnd_Nonsh_4",2020,9884
"UT","wnd_Nonsh_4",2020,9884
"WY","wnd_Nonsh_4",2020,9884
"AZ","wnd_Nonsh_5",2020,9884
"CO","wnd_Nonsh_5",2020,9884
"ID","wnd_Nonsh_5",2020,9884
"MT","wnd_Nonsh_5",2020,9884
"NM","wnd_Nonsh_5",2020,9884
"NV","wnd_Nonsh_5",2020,9884
"UT","wnd_Nonsh_5",2020,9884
"WY","wnd_Nonsh_5",2020,9884
"AZ","wnd_Nonsh_6",2020,9884
"CO","wnd_Nonsh_6",2020,9884
"ID","wnd_Nonsh_6",2020,9884
"MT","wnd_Nonsh_6",2020,9884
"NM","wnd_Nonsh_6",2020,9884
"NV","wnd_Nonsh_6",2020,9884
"UT","wnd_Nonsh_6",2020,9884
"WY","wnd_Nonsh_6",2020,9884
"AZ","wnd_Nonsh_7",2020,9884
"CO","wnd_Nonsh_7",2020,9884
"ID","wnd_Nonsh_7",2020,9884
"MT","wnd_Nonsh_7",2020,9884
"NM","wnd_Nonsh_7",2020,9884
"NV","wnd_Nonsh_7",2020,9884
"UT","wnd_Nonsh_7",2020,9884
"WY","wnd_Nonsh_7",2020,9884
"AZ","wnd_Nshal_3",2020,9884
"CO","wnd_Nshal_3",2020,9884
"ID","wnd_Nshal_3",2020,9884
"MT","wnd_Nshal_3",2020,9884
"NM","wnd_Nshal_3",2020,9884
"NV","wnd_Nshal_3",2020,9884
"UT","wnd_Nshal_3",2020,9884
"WY","wnd_Nshal_3",2020,9884
"AZ","wnd_Nshal_4",2020,9884
"CO","wnd_Nshal_4",2020,9884
"ID","wnd_Nshal_4",2020,9884
"MT","wnd_Nshal_4",2020,9884
"NM","wnd_Nshal_4",2020,9884
"NV","wnd_Nshal_4",2020,9884
"UT","wnd_Nshal_4",2020,9884
"WY","wnd_Nshal_4",2020,9884
"AZ","wnd_Nshal_5",2020,9884
"CO","wnd_Nshal_5",2020,9884
"ID","wnd_Nshal_5",2020,9884
"MT","wnd_Nshal_5",2020,9884
"NM","wnd_Nshal_5",2020,9884
"NV","wnd_Nshal_5",2020,9884
"UT","wnd_Nshal_5",2020,9884
"WY","wnd_Nshal_5",2020,9884
"AZ","wnd_Nshal_6",2020,9884
"CO","wnd_Nshal_6",2020,9884
"ID","wnd_Nshal_6",2020,9884
"MT","wnd_Nshal_6",2020,9884
"NM","wnd_Nshal_6",2020,9884
"NV","wnd_Nshal_6",2020,9884
"UT","wnd_Nshal_6",2020,9884
"WY","wnd_Nshal_6",2020,9884
"AZ","wnd_Nshal_7",2020,9884
"CO","wnd_Nshal_7",2020,9884
"ID","wnd_Nshal_7",2020,9884
"MT","wnd_Nshal_7",2020,9884
"NM","wnd_Nshal_7",2020,9884
"NV","wnd_Nshal_7",2020,9884
"UT","wnd_Nshal_7",2020,9884
"WY","wnd_Nshal_7",2020,9884
"AZ","wnd_Ndeep_3",2020,9884
"CO","wnd_Ndeep_3",2020,9884
"ID","wnd_Ndeep_3",2020,9884
"MT","wnd_Ndeep_3",2020,9884
"NM","wnd_Ndeep_3",2020,9884
"NV","wnd_Ndeep_3",2020,9884
"UT","wnd_Ndeep_3",2020,9884
"WY","wnd_Ndeep_3",2020,9884
"AZ","wnd_Ndeep_4",2020,9884
"CO","wnd_Ndeep_4",2020,9884
"ID","wnd_Ndeep_4",2020,9884
"MT","wnd_Ndeep_4",2020,9884
"NM","wnd_Ndeep_4",2020,9884
"NV","wnd_Ndeep_4",2020,9884
"UT","wnd_Ndeep_4",2020,9884
"WY","wnd_Ndeep_4",2020,9884
"AZ","wnd_Ndeep_5",2020,9884
"CO","wnd_Ndeep_5",2020,9884
"ID","wnd_Ndeep_5",2020,9884
"MT","wnd_Ndeep_5",2020,9884
"NM","wnd_Ndeep_5",2020,9884
"NV","wnd_Ndeep_5",2020,9884
"UT","wnd_Ndeep_5",2020,9884
"WY","wnd_Ndeep_5",2020,9884
"AZ","wnd_Ndeep_6",2020,9884
"CO","wnd_Ndeep_6",2020,9884
"ID","wnd_Ndeep_6",2020,9884
"MT","wnd_Ndeep_6",2020,9884
"NM","wnd_Ndeep_6",2020,9884
"NV","wnd_Ndeep_6",2020,9884
"UT","wnd_Ndeep_6",2020,9884
"WY","wnd_Ndeep_6",2020,9884
"AZ","wnd_Ndeep_7",2020,9884
"CO","wnd_Ndeep_7",2020,9884
"ID","wnd_Ndeep_7",2020,9884
"MT","wnd_Ndeep_7",2020,9884
"NM","wnd_Ndeep_7",2020,9884
"NV","wnd_Ndeep_7",2020,9884
"UT","wnd_Ndeep_7",2020,9884
"WY","wnd_Ndeep_7",2020,9884
"CA","col_N",2020,8373.687963
"CA","col_Nccs",2020,11311.56665
"CA","ngcc_N",2020,6330.245483
"CA","ngcc_Nccs",2020,7280.36979
"CA","ngtb_N",2020,9556.081117
"CA","nuc_N",2020,10488
"CA","bio_N",2020,12897.92085
"CA","lfg_N_hi",2020,18000
"CA","lfg_N_lo",2020,18000
"CA","lfg_N_vl",2020,18000
"CA","fc_N",2020,9209.489281
"CA","geo_N_1",2020,32969
"CA","geo_N_2",2020,32969
"CA","geo_N_3",2020,32969
"CA","geo_N_4",2020,32969
"CA","geo_N_5",2020,32969
"CA","geo_N_6",2020,32969
"CA","geo_N_7",2020,32969
"CA","geo_N_8",2020,32969
"CA","geo_N_9",2020,32969
"CA","geo_N_10",2020,32969
"CA","slrPV_N",2020,9884
"CA","slrCSP_N",2020,9884
"CA","wnd_Nonsh_3",2020,9884
"CA","wnd_Nonsh_4",2020,9884
"CA","wnd_Nonsh_5",2020,9884
"CA","wnd_Nonsh_6",2020,9884
"CA","wnd_Nonsh_7",2020,9884
"CA","wnd_Nshal_3",2020,9884
"CA","wnd_Nshal_4",2020,9884
"CA","wnd_Nshal_5",2020,9884
"CA","wnd_Nshal_6",2020,9884
"CA","wnd_Nshal_7",2020,9884
"CA","wnd_Ndeep_3",2020,9884
"CA","wnd_Ndeep_4",2020,9884
"CA","wnd_Ndeep_5",2020,9884
"CA","wnd_Ndeep_6",2020,9884
"CA","wnd_Ndeep_7",2020,9884
"OR","col_N",2020,8373.687963
"WA","col_N",2020,8373.687963
"OR","col_Nccs",2020,11311.56665
"WA","col_Nccs",2020,11311.56665
"OR","ngcc_N",2020,6330.245483
"WA","ngcc_N",2020,6330.245483
"OR","ngcc_Nccs",2020,7280.36979
"WA","ngcc_Nccs",2020,7280.36979
"OR","ngtb_N",2020,9556.081117
"WA","ngtb_N",2020,9556.081117
"OR","nuc_N",2020,10488
"WA","nuc_N",2020,10488
"OR","bio_N",2020,12897.92085
"WA","bio_N",2020,12897.92085
"OR","lfg_N_hi",2020,18000
"WA","lfg_N_hi",2020,18000
"OR","lfg_N_lo",2020,18000
"WA","lfg_N_lo",2020,18000
"OR","lfg_N_vl",2020,18000
"WA","lfg_N_vl",2020,18000
"OR","fc_N",2020,9209.489281
"WA","fc_N",2020,9209.489281
"OR","geo_N_1",2020,32969
"WA","geo_N_1",2020,32969
"OR","geo_N_2",2020,32969
"WA","geo_N_2",2020,32969
"OR","geo_N_3",2020,32969
"WA","geo_N_3",2020,32969
"OR","geo_N_4",2020,32969
"WA","geo_N_4",2020,32969
"OR","geo_N_5",2020,32969
"WA","geo_N_5",2020,32969
"OR","geo_N_6",2020,32969
"WA","geo_N_6",2020,32969
"OR","geo_N_7",2020,32969
"WA","geo_N_7",2020,32969
"OR","geo_N_8",2020,32969
"WA","geo_N_8",2020,32969
"OR","geo_N_9",2020,32969
"WA","geo_N_9",2020,32969
"OR","geo_N_10",2020,32969
"WA","geo_N_10",2020,32969
"OR","slrPV_N",2020,9884
"WA","slrPV_N",2020,9884
"OR","slrCSP_N",2020,9884
"WA","slrCSP_N",2020,9884
"OR","wnd_Nonsh_3",2020,9884
"WA","wnd_Nonsh_3",2020,9884
"OR","wnd_Nonsh_4",2020,9884
"WA","wnd_Nonsh_4",2020,9884
"OR","wnd_Nonsh_5",2020,9884
"WA","wnd_Nonsh_5",2020,9884
"OR","wnd_Nonsh_6",2020,9884
"WA","wnd_Nonsh_6",2020,9884
"OR","wnd_Nonsh_7",2020,9884
"WA","wnd_Nonsh_7",2020,9884
"OR","wnd_Nshal_3",2020,9884
"WA","wnd_Nshal_3",2020,9884
"OR","wnd_Nshal_4",2020,9884
"WA","wnd_Nshal_4",2020,9884
"OR","wnd_Nshal_5",2020,9884
"WA","wnd_Nshal_5",2020,9884
"OR","wnd_Nshal_6",2020,9884
"WA","wnd_Nshal_6",2020,9884
"OR","wnd_Nshal_7",2020,9884
"WA","wnd_Nshal_7",2020,9884
"OR","wnd_Ndeep_3",2020,9884
"WA","wnd_Ndeep_3",2020,9884
"OR","wnd_Ndeep_4",2020,9884
"WA","wnd_Ndeep_4",2020,9884
"OR","wnd_Ndeep_5",2020,9884
"WA","wnd_Ndeep_5",2020,9884
"OR","wnd_Ndeep_6",2020,9884
"WA","wnd_Ndeep_6",2020,9884
"OR","wnd_Ndeep_7",2020,9884
"WA","wnd_Ndeep_7",2020,9884
