region,plant_type,load_segment,Value
Northeast,col_X1,sum_day,0.836469415
Northeast,col_X1,sum_mrnevn,0.836469415
Northeast,col_X1,sum_night,0.836469415
Northeast,col_X1,sprfl_day,0.774664414
Northeast,col_X1,sprfl_mrnevn,0.774664414
Northeast,col_X1,sprfl_night,0.774664414
Northeast,col_X1,wntr_day,0.774664414
Northeast,col_X1,wntr_mrnevn,0.774664414
Northeast,col_X1,wntr_night,0.774664414
Northeast,col_X1,peak,0.836469415
Northeast,col_X2,sum_day,0.769684761
Northeast,col_X2,sum_mrnevn,0.769684761
Northeast,col_X2,sum_night,0.769684761
Northeast,col_X2,sprfl_day,0.714433692
Northeast,col_X2,sprfl_mrnevn,0.714433692
Northeast,col_X2,sprfl_night,0.714433692
Northeast,col_X2,wntr_day,0.714433692
Northeast,col_X2,wntr_mrnevn,0.714433692
Northeast,col_X2,wntr_night,0.714433692
Northeast,col_X2,peak,0.769684761
Northeast,col_X3,sum_day,0.691107279
Northeast,col_X3,sum_mrnevn,0.691107279
Northeast,col_X3,sum_night,0.691107279
Northeast,col_X3,sprfl_day,0.650397698
Northeast,col_X3,sprfl_mrnevn,0.650397698
Northeast,col_X3,sprfl_night,0.650397698
Northeast,col_X3,wntr_day,0.650397698
Northeast,col_X3,wntr_mrnevn,0.650397698
Northeast,col_X3,wntr_night,0.650397698
Northeast,col_X3,peak,0.691107279
Northeast,ngcc_X1,sum_day,0.88
Northeast,ngcc_X1,sum_mrnevn,0.88
Northeast,ngcc_X1,sum_night,0.88
Northeast,ngcc_X1,sprfl_day,0.822
Northeast,ngcc_X1,sprfl_mrnevn,0.822
Northeast,ngcc_X1,sprfl_night,0.822
Northeast,ngcc_X1,wntr_day,0.822
Northeast,ngcc_X1,wntr_mrnevn,0.822
Northeast,ngcc_X1,wntr_night,0.822
Northeast,ngcc_X1,peak,0.88
Northeast,ngcc_X2,sum_day,0.88
Northeast,ngcc_X2,sum_mrnevn,0.88
Northeast,ngcc_X2,sum_night,0.88
Northeast,ngcc_X2,sprfl_day,0.822
Northeast,ngcc_X2,sprfl_mrnevn,0.822
Northeast,ngcc_X2,sprfl_night,0.822
Northeast,ngcc_X2,wntr_day,0.822
Northeast,ngcc_X2,wntr_mrnevn,0.822
Northeast,ngcc_X2,wntr_night,0.822
Northeast,ngcc_X2,peak,0.88
Northeast,ngcc_X3,sum_day,0.88
Northeast,ngcc_X3,sum_mrnevn,0.88
Northeast,ngcc_X3,sum_night,0.88
Northeast,ngcc_X3,sprfl_day,0.822
Northeast,ngcc_X3,sprfl_mrnevn,0.822
Northeast,ngcc_X3,sprfl_night,0.822
Northeast,ngcc_X3,wntr_day,0.822
Northeast,ngcc_X3,wntr_mrnevn,0.822
Northeast,ngcc_X3,wntr_night,0.822
Northeast,ngcc_X3,peak,0.88
Northeast,ngtb_X1,sum_day,0.91504413
Northeast,ngtb_X1,sum_mrnevn,0.91504413
Northeast,ngtb_X1,sum_night,0.91504413
Northeast,ngtb_X1,sprfl_day,0.894154588
Northeast,ngtb_X1,sprfl_mrnevn,0.894154588
Northeast,ngtb_X1,sprfl_night,0.894154588
Northeast,ngtb_X1,wntr_day,0.894154588
Northeast,ngtb_X1,wntr_mrnevn,0.894154588
Northeast,ngtb_X1,wntr_night,0.894154588
Northeast,ngtb_X1,peak,0.91504413
Northeast,ngtb_X2,sum_day,0.915531406
Northeast,ngtb_X2,sum_mrnevn,0.915531406
Northeast,ngtb_X2,sum_night,0.915531406
Northeast,ngtb_X2,sprfl_day,0.893337078
Northeast,ngtb_X2,sprfl_mrnevn,0.893337078
Northeast,ngtb_X2,sprfl_night,0.893337078
Northeast,ngtb_X2,wntr_day,0.893337078
Northeast,ngtb_X2,wntr_mrnevn,0.893337078
Northeast,ngtb_X2,wntr_night,0.893337078
Northeast,ngtb_X2,peak,0.915531406
Northeast,ngtb_X3,sum_day,0.904
Northeast,ngtb_X3,sum_mrnevn,0.904
Northeast,ngtb_X3,sum_night,0.904
Northeast,ngtb_X3,sprfl_day,0.884
Northeast,ngtb_X3,sprfl_mrnevn,0.884
Northeast,ngtb_X3,sprfl_night,0.884
Northeast,ngtb_X3,wntr_day,0.884
Northeast,ngtb_X3,wntr_mrnevn,0.884
Northeast,ngtb_X3,wntr_night,0.884
Northeast,ngtb_X3,peak,0.904
Northeast,stog_X1,sum_day,0.879148838
Northeast,stog_X1,sum_mrnevn,0.879148838
Northeast,stog_X1,sum_night,0.879148838
Northeast,stog_X1,sprfl_day,0.813683523
Northeast,stog_X1,sprfl_mrnevn,0.813683523
Northeast,stog_X1,sprfl_night,0.813683523
Northeast,stog_X1,wntr_day,0.813683523
Northeast,stog_X1,wntr_mrnevn,0.813683523
Northeast,stog_X1,wntr_night,0.813683523
Northeast,stog_X1,peak,0.879148838
Northeast,stog_X2,sum_day,0.883889078
Northeast,stog_X2,sum_mrnevn,0.883889078
Northeast,stog_X2,sum_night,0.883889078
Northeast,stog_X2,sprfl_day,0.811538363
Northeast,stog_X2,sprfl_mrnevn,0.811538363
Northeast,stog_X2,sprfl_night,0.811538363
Northeast,stog_X2,wntr_day,0.811538363
Northeast,stog_X2,wntr_mrnevn,0.811538363
Northeast,stog_X2,wntr_night,0.811538363
Northeast,stog_X2,peak,0.883889078
Northeast,stog_X3,sum_day,0.87204308
Northeast,stog_X3,sum_mrnevn,0.87204308
Northeast,stog_X3,sum_night,0.87204308
Northeast,stog_X3,sprfl_day,0.796291702
Northeast,stog_X3,sprfl_mrnevn,0.796291702
Northeast,stog_X3,sprfl_night,0.796291702
Northeast,stog_X3,wntr_day,0.796291702
Northeast,stog_X3,wntr_mrnevn,0.796291702
Northeast,stog_X3,wntr_night,0.796291702
Northeast,stog_X3,peak,0.87204308
Northeast,nuc_X,sum_day,0.954794067
Northeast,nuc_X,sum_mrnevn,0.954794067
Northeast,nuc_X,sum_night,0.954794067
Northeast,nuc_X,sprfl_day,0.888464789
Northeast,nuc_X,sprfl_mrnevn,0.888464789
Northeast,nuc_X,sprfl_night,0.888464789
Northeast,nuc_X,wntr_day,0.888464789
Northeast,nuc_X,wntr_mrnevn,0.888464789
Northeast,nuc_X,wntr_night,0.888464789
Northeast,nuc_X,peak,0.954794067
Northeast,hyd_X,sum_day,0.411
Northeast,hyd_X,sum_mrnevn,0.411
Northeast,hyd_X,sum_night,0.411
Northeast,hyd_X,sprfl_day,0.473212883
Northeast,hyd_X,sprfl_mrnevn,0.473212883
Northeast,hyd_X,sprfl_night,0.473212883
Northeast,hyd_X,wntr_day,0.473212883
Northeast,hyd_X,wntr_mrnevn,0.473212883
Northeast,hyd_X,wntr_night,0.473212883
Northeast,hyd_X,peak,0.411
Northeast,bio_X,sum_day,0.83
Northeast,bio_X,sum_mrnevn,0.83
Northeast,bio_X,sum_night,0.83
Northeast,bio_X,sprfl_day,0.83
Northeast,bio_X,sprfl_mrnevn,0.83
Northeast,bio_X,sprfl_night,0.83
Northeast,bio_X,wntr_day,0.83
Northeast,bio_X,wntr_mrnevn,0.83
Northeast,bio_X,wntr_night,0.83
Northeast,bio_X,peak,0.83
Northeast,lfg_X,sum_day,0.9
Northeast,lfg_X,sum_mrnevn,0.9
Northeast,lfg_X,sum_night,0.9
Northeast,lfg_X,sprfl_day,0.9
Northeast,lfg_X,sprfl_mrnevn,0.9
Northeast,lfg_X,sprfl_night,0.9
Northeast,lfg_X,wntr_day,0.9
Northeast,lfg_X,wntr_mrnevn,0.9
Northeast,lfg_X,wntr_night,0.9
Northeast,lfg_X,peak,0.9
Northeast,msw_X,sum_day,0.9
Northeast,msw_X,sum_mrnevn,0.9
Northeast,msw_X,sum_night,0.9
Northeast,msw_X,sprfl_day,0.9
Northeast,msw_X,sprfl_mrnevn,0.9
Northeast,msw_X,sprfl_night,0.9
Northeast,msw_X,wntr_day,0.9
Northeast,msw_X,wntr_mrnevn,0.9
Northeast,msw_X,wntr_night,0.9
Northeast,msw_X,peak,0.9
Northeast,wnd_X,sum_day,0.279678748
Northeast,wnd_X,sum_mrnevn,0.323855455
Northeast,wnd_X,sum_night,0.350470485
Northeast,wnd_X,sprfl_day,0.323855455
Northeast,wnd_X,sprfl_mrnevn,0.368285211
Northeast,wnd_X,sprfl_night,0.403743369
Northeast,wnd_X,wntr_day,0.323855455
Northeast,wnd_X,wntr_mrnevn,0.368285211
Northeast,wnd_X,wntr_night,0.403743369
Northeast,wnd_X,peak,0.279678748
Northeast,oth_X,sum_day,0.9
Northeast,oth_X,sum_mrnevn,0.9
Northeast,oth_X,sum_night,0.9
Northeast,oth_X,sprfl_day,0.9
Northeast,oth_X,sprfl_mrnevn,0.9
Northeast,oth_X,sprfl_night,0.9
Northeast,oth_X,wntr_day,0.9
Northeast,oth_X,wntr_mrnevn,0.9
Northeast,oth_X,wntr_night,0.9
Northeast,oth_X,peak,0.9
Northeast,ps_X,sum_day,0.927
Northeast,ps_X,sum_mrnevn,0.927
Northeast,ps_X,sum_night,0.927
Northeast,ps_X,sprfl_day,0.875
Northeast,ps_X,sprfl_mrnevn,0.875
Northeast,ps_X,sprfl_night,0.875
Northeast,ps_X,wntr_day,0.875
Northeast,ps_X,wntr_mrnevn,0.875
Northeast,ps_X,wntr_night,0.875
Northeast,ps_X,peak,0.927
Northeast,col_N,sum_day,0.85
Northeast,col_N,sum_mrnevn,0.85
Northeast,col_N,sum_night,0.85
Northeast,col_N,sprfl_day,0.85
Northeast,col_N,sprfl_mrnevn,0.85
Northeast,col_N,sprfl_night,0.85
Northeast,col_N,wntr_day,0.85
Northeast,col_N,wntr_mrnevn,0.85
Northeast,col_N,wntr_night,0.85
Northeast,col_N,peak,0.85
Northeast,col_Nccs,sum_day,0.85
Northeast,col_Nccs,sum_mrnevn,0.85
Northeast,col_Nccs,sum_night,0.85
Northeast,col_Nccs,sprfl_day,0.85
Northeast,col_Nccs,sprfl_mrnevn,0.85
Northeast,col_Nccs,sprfl_night,0.85
Northeast,col_Nccs,wntr_day,0.85
Northeast,col_Nccs,wntr_mrnevn,0.85
Northeast,col_Nccs,wntr_night,0.85
Northeast,col_Nccs,peak,0.85
Northeast,ngcc_N,sum_day,0.87
Northeast,ngcc_N,sum_mrnevn,0.87
Northeast,ngcc_N,sum_night,0.87
Northeast,ngcc_N,sprfl_day,0.87
Northeast,ngcc_N,sprfl_mrnevn,0.87
Northeast,ngcc_N,sprfl_night,0.87
Northeast,ngcc_N,wntr_day,0.87
Northeast,ngcc_N,wntr_mrnevn,0.87
Northeast,ngcc_N,wntr_night,0.87
Northeast,ngcc_N,peak,0.87
Northeast,ngcc_Nccs,sum_day,0.87
Northeast,ngcc_Nccs,sum_mrnevn,0.87
Northeast,ngcc_Nccs,sum_night,0.87
Northeast,ngcc_Nccs,sprfl_day,0.87
Northeast,ngcc_Nccs,sprfl_mrnevn,0.87
Northeast,ngcc_Nccs,sprfl_night,0.87
Northeast,ngcc_Nccs,wntr_day,0.87
Northeast,ngcc_Nccs,wntr_mrnevn,0.87
Northeast,ngcc_Nccs,wntr_night,0.87
Northeast,ngcc_Nccs,peak,0.87
Northeast,ngtb_N,sum_day,0.92
Northeast,ngtb_N,sum_mrnevn,0.92
Northeast,ngtb_N,sum_night,0.92
Northeast,ngtb_N,sprfl_day,0.92
Northeast,ngtb_N,sprfl_mrnevn,0.92
Northeast,ngtb_N,sprfl_night,0.92
Northeast,ngtb_N,wntr_day,0.92
Northeast,ngtb_N,wntr_mrnevn,0.92
Northeast,ngtb_N,wntr_night,0.92
Northeast,ngtb_N,peak,0.92
Northeast,nuc_N,sum_day,0.9
Northeast,nuc_N,sum_mrnevn,0.9
Northeast,nuc_N,sum_night,0.9
Northeast,nuc_N,sprfl_day,0.9
Northeast,nuc_N,sprfl_mrnevn,0.9
Northeast,nuc_N,sprfl_night,0.9
Northeast,nuc_N,wntr_day,0.9
Northeast,nuc_N,wntr_mrnevn,0.9
Northeast,nuc_N,wntr_night,0.9
Northeast,nuc_N,peak,0.9
Northeast,bio_N,sum_day,0.83
Northeast,bio_N,sum_mrnevn,0.83
Northeast,bio_N,sum_night,0.83
Northeast,bio_N,sprfl_day,0.83
Northeast,bio_N,sprfl_mrnevn,0.83
Northeast,bio_N,sprfl_night,0.83
Northeast,bio_N,wntr_day,0.83
Northeast,bio_N,wntr_mrnevn,0.83
Northeast,bio_N,wntr_night,0.83
Northeast,bio_N,peak,0.83
Northeast,lfg_N_hi,sum_day,0.9
Northeast,lfg_N_hi,sum_mrnevn,0.9
Northeast,lfg_N_hi,sum_night,0.9
Northeast,lfg_N_hi,sprfl_day,0.9
Northeast,lfg_N_hi,sprfl_mrnevn,0.9
Northeast,lfg_N_hi,sprfl_night,0.9
Northeast,lfg_N_hi,wntr_day,0.9
Northeast,lfg_N_hi,wntr_mrnevn,0.9
Northeast,lfg_N_hi,wntr_night,0.9
Northeast,lfg_N_hi,peak,0.9
Northeast,lfg_N_lo,sum_day,0.9
Northeast,lfg_N_lo,sum_mrnevn,0.9
Northeast,lfg_N_lo,sum_night,0.9
Northeast,lfg_N_lo,sprfl_day,0.9
Northeast,lfg_N_lo,sprfl_mrnevn,0.9
Northeast,lfg_N_lo,sprfl_night,0.9
Northeast,lfg_N_lo,wntr_day,0.9
Northeast,lfg_N_lo,wntr_mrnevn,0.9
Northeast,lfg_N_lo,wntr_night,0.9
Northeast,lfg_N_lo,peak,0.9
Northeast,lfg_N_vl,sum_day,0.9
Northeast,lfg_N_vl,sum_mrnevn,0.9
Northeast,lfg_N_vl,sum_night,0.9
Northeast,lfg_N_vl,sprfl_day,0.9
Northeast,lfg_N_vl,sprfl_mrnevn,0.9
Northeast,lfg_N_vl,sprfl_night,0.9
Northeast,lfg_N_vl,wntr_day,0.9
Northeast,lfg_N_vl,wntr_mrnevn,0.9
Northeast,lfg_N_vl,wntr_night,0.9
Northeast,lfg_N_vl,peak,0.9
Northeast,fc_N,sum_day,0.9
Northeast,fc_N,sum_mrnevn,0.9
Northeast,fc_N,sum_night,0.9
Northeast,fc_N,sprfl_day,0.9
Northeast,fc_N,sprfl_mrnevn,0.9
Northeast,fc_N,sprfl_night,0.9
Northeast,fc_N,wntr_day,0.9
Northeast,fc_N,wntr_mrnevn,0.9
Northeast,fc_N,wntr_night,0.9
Northeast,fc_N,peak,0.9
Northeast,geo_N_1,sum_day,0.87
Northeast,geo_N_1,sum_mrnevn,0.87
Northeast,geo_N_1,sum_night,0.87
Northeast,geo_N_1,sprfl_day,0.87
Northeast,geo_N_1,sprfl_mrnevn,0.87
Northeast,geo_N_1,sprfl_night,0.87
Northeast,geo_N_1,wntr_day,0.87
Northeast,geo_N_1,wntr_mrnevn,0.87
Northeast,geo_N_1,wntr_night,0.87
Northeast,geo_N_1,peak,0.87
Northeast,geo_N_2,sum_day,0.87
Northeast,geo_N_2,sum_mrnevn,0.87
Northeast,geo_N_2,sum_night,0.87
Northeast,geo_N_2,sprfl_day,0.87
Northeast,geo_N_2,sprfl_mrnevn,0.87
Northeast,geo_N_2,sprfl_night,0.87
Northeast,geo_N_2,wntr_day,0.87
Northeast,geo_N_2,wntr_mrnevn,0.87
Northeast,geo_N_2,wntr_night,0.87
Northeast,geo_N_2,peak,0.87
Northeast,geo_N_3,sum_day,0.87
Northeast,geo_N_3,sum_mrnevn,0.87
Northeast,geo_N_3,sum_night,0.87
Northeast,geo_N_3,sprfl_day,0.87
Northeast,geo_N_3,sprfl_mrnevn,0.87
Northeast,geo_N_3,sprfl_night,0.87
Northeast,geo_N_3,wntr_day,0.87
Northeast,geo_N_3,wntr_mrnevn,0.87
Northeast,geo_N_3,wntr_night,0.87
Northeast,geo_N_3,peak,0.87
Northeast,geo_N_4,sum_day,0.87
Northeast,geo_N_4,sum_mrnevn,0.87
Northeast,geo_N_4,sum_night,0.87
Northeast,geo_N_4,sprfl_day,0.87
Northeast,geo_N_4,sprfl_mrnevn,0.87
Northeast,geo_N_4,sprfl_night,0.87
Northeast,geo_N_4,wntr_day,0.87
Northeast,geo_N_4,wntr_mrnevn,0.87
Northeast,geo_N_4,wntr_night,0.87
Northeast,geo_N_4,peak,0.87
Northeast,geo_N_5,sum_day,0.87
Northeast,geo_N_5,sum_mrnevn,0.87
Northeast,geo_N_5,sum_night,0.87
Northeast,geo_N_5,sprfl_day,0.87
Northeast,geo_N_5,sprfl_mrnevn,0.87
Northeast,geo_N_5,sprfl_night,0.87
Northeast,geo_N_5,wntr_day,0.87
Northeast,geo_N_5,wntr_mrnevn,0.87
Northeast,geo_N_5,wntr_night,0.87
Northeast,geo_N_5,peak,0.87
Northeast,geo_N_6,sum_day,0.87
Northeast,geo_N_6,sum_mrnevn,0.87
Northeast,geo_N_6,sum_night,0.87
Northeast,geo_N_6,sprfl_day,0.87
Northeast,geo_N_6,sprfl_mrnevn,0.87
Northeast,geo_N_6,sprfl_night,0.87
Northeast,geo_N_6,wntr_day,0.87
Northeast,geo_N_6,wntr_mrnevn,0.87
Northeast,geo_N_6,wntr_night,0.87
Northeast,geo_N_6,peak,0.87
Northeast,geo_N_7,sum_day,0.87
Northeast,geo_N_7,sum_mrnevn,0.87
Northeast,geo_N_7,sum_night,0.87
Northeast,geo_N_7,sprfl_day,0.87
Northeast,geo_N_7,sprfl_mrnevn,0.87
Northeast,geo_N_7,sprfl_night,0.87
Northeast,geo_N_7,wntr_day,0.87
Northeast,geo_N_7,wntr_mrnevn,0.87
Northeast,geo_N_7,wntr_night,0.87
Northeast,geo_N_7,peak,0.87
Northeast,geo_N_8,sum_day,0.87
Northeast,geo_N_8,sum_mrnevn,0.87
Northeast,geo_N_8,sum_night,0.87
Northeast,geo_N_8,sprfl_day,0.87
Northeast,geo_N_8,sprfl_mrnevn,0.87
Northeast,geo_N_8,sprfl_night,0.87
Northeast,geo_N_8,wntr_day,0.87
Northeast,geo_N_8,wntr_mrnevn,0.87
Northeast,geo_N_8,wntr_night,0.87
Northeast,geo_N_8,peak,0.87
Northeast,geo_N_9,sum_day,0.87
Northeast,geo_N_9,sum_mrnevn,0.87
Northeast,geo_N_9,sum_night,0.87
Northeast,geo_N_9,sprfl_day,0.87
Northeast,geo_N_9,sprfl_mrnevn,0.87
Northeast,geo_N_9,sprfl_night,0.87
Northeast,geo_N_9,wntr_day,0.87
Northeast,geo_N_9,wntr_mrnevn,0.87
Northeast,geo_N_9,wntr_night,0.87
Northeast,geo_N_9,peak,0.87
Northeast,geo_N_10,sum_day,0.87
Northeast,geo_N_10,sum_mrnevn,0.87
Northeast,geo_N_10,sum_night,0.87
Northeast,geo_N_10,sprfl_day,0.87
Northeast,geo_N_10,sprfl_mrnevn,0.87
Northeast,geo_N_10,sprfl_night,0.87
Northeast,geo_N_10,wntr_day,0.87
Northeast,geo_N_10,wntr_mrnevn,0.87
Northeast,geo_N_10,wntr_night,0.87
Northeast,geo_N_10,peak,0.87
Northeast,slrPV_N,sum_day,0.479285714
Northeast,slrPV_N,sum_mrnevn,0.010214286
Northeast,slrPV_N,sprfl_day,0.4752
Northeast,slrPV_N,sprfl_mrnevn,0.144785455
Northeast,slrPV_N,wntr_day,0.4752
Northeast,slrPV_N,wntr_mrnevn,0.144785455
Northeast,slrPV_N,peak,0.479285714
Northeast,wnd_Nonsh_3,sum_day,0.314944998
Northeast,wnd_Nonsh_3,sum_mrnevn,0.306591226
Northeast,wnd_Nonsh_3,sum_night,0.308480584
Northeast,wnd_Nonsh_3,sprfl_day,0.195054712
Northeast,wnd_Nonsh_3,sprfl_mrnevn,0.216183118
Northeast,wnd_Nonsh_3,sprfl_night,0.226894683
Northeast,wnd_Nonsh_3,wntr_day,0.195054712
Northeast,wnd_Nonsh_3,wntr_mrnevn,0.216183118
Northeast,wnd_Nonsh_3,wntr_night,0.226894683
Northeast,wnd_Nonsh_3,peak,0.314944998
Northeast,wnd_Nonsh_4,sum_day,0.280749133
Northeast,wnd_Nonsh_4,sum_mrnevn,0.29328533
Northeast,wnd_Nonsh_4,sum_night,0.323069637
Northeast,wnd_Nonsh_4,sprfl_day,0.239652378
Northeast,wnd_Nonsh_4,sprfl_mrnevn,0.271575836
Northeast,wnd_Nonsh_4,sprfl_night,0.296104769
Northeast,wnd_Nonsh_4,wntr_day,0.239652378
Northeast,wnd_Nonsh_4,wntr_mrnevn,0.271575836
Northeast,wnd_Nonsh_4,wntr_night,0.296104769
Northeast,wnd_Nonsh_4,peak,0.280749133
Northeast,wnd_Nonsh_5,sum_day,0.279678748
Northeast,wnd_Nonsh_5,sum_mrnevn,0.323855455
Northeast,wnd_Nonsh_5,sum_night,0.350470485
Northeast,wnd_Nonsh_5,sprfl_day,0.323855455
Northeast,wnd_Nonsh_5,sprfl_mrnevn,0.368285211
Northeast,wnd_Nonsh_5,sprfl_night,0.403743369
Northeast,wnd_Nonsh_5,wntr_day,0.323855455
Northeast,wnd_Nonsh_5,wntr_mrnevn,0.368285211
Northeast,wnd_Nonsh_5,wntr_night,0.403743369
Northeast,wnd_Nonsh_5,peak,0.279678748
Northeast,wnd_Nonsh_6,sum_day,0.380734306
Northeast,wnd_Nonsh_6,sum_mrnevn,0.410914916
Northeast,wnd_Nonsh_6,sum_night,0.449809437
Northeast,wnd_Nonsh_6,sprfl_day,0.322120678
Northeast,wnd_Nonsh_6,sprfl_mrnevn,0.361649509
Northeast,wnd_Nonsh_6,sprfl_night,0.397407614
Northeast,wnd_Nonsh_6,wntr_day,0.322120678
Northeast,wnd_Nonsh_6,wntr_mrnevn,0.361649509
Northeast,wnd_Nonsh_6,wntr_night,0.397407614
Northeast,wnd_Nonsh_6,peak,0.380734306
Northeast,wnd_Nonsh_7,sum_day,0.299131403
Northeast,wnd_Nonsh_7,sum_mrnevn,0.359791062
Northeast,wnd_Nonsh_7,sum_night,0.408222914
Northeast,wnd_Nonsh_7,sprfl_day,0.413638033
Northeast,wnd_Nonsh_7,sprfl_mrnevn,0.461455914
Northeast,wnd_Nonsh_7,sprfl_night,0.501354851
Northeast,wnd_Nonsh_7,wntr_day,0.413638033
Northeast,wnd_Nonsh_7,wntr_mrnevn,0.461455914
Northeast,wnd_Nonsh_7,wntr_night,0.501354851
Northeast,wnd_Nonsh_7,peak,0.299131403
Northeast,wnd_Nshal_3,sum_day,0.306423117
Northeast,wnd_Nshal_3,sum_mrnevn,0.298295385
Northeast,wnd_Nshal_3,sum_night,0.30013362
Northeast,wnd_Nshal_3,sprfl_day,0.189776861
Northeast,wnd_Nshal_3,sprfl_mrnevn,0.210333568
Northeast,wnd_Nshal_3,sprfl_night,0.220755296
Northeast,wnd_Nshal_3,wntr_day,0.189776861
Northeast,wnd_Nshal_3,wntr_mrnevn,0.210333568
Northeast,wnd_Nshal_3,wntr_night,0.220755296
Northeast,wnd_Nshal_3,peak,0.306423117
Northeast,wnd_Nshal_4,sum_day,0.285231586
Northeast,wnd_Nshal_4,sum_mrnevn,0.297967936
Northeast,wnd_Nshal_4,sum_night,0.32822778
Northeast,wnd_Nshal_4,sprfl_day,0.243478678
Northeast,wnd_Nshal_4,sprfl_mrnevn,0.275911828
Northeast,wnd_Nshal_4,sprfl_night,0.300832391
Northeast,wnd_Nshal_4,wntr_day,0.243478678
Northeast,wnd_Nshal_4,wntr_mrnevn,0.275911828
Northeast,wnd_Nshal_4,wntr_night,0.300832391
Northeast,wnd_Nshal_4,peak,0.285231586
Northeast,wnd_Nshal_5,sum_day,0.271266924
Northeast,wnd_Nshal_5,sum_mrnevn,0.314114939
Northeast,wnd_Nshal_5,sum_night,0.339929476
Northeast,wnd_Nshal_5,sprfl_day,0.314114939
Northeast,wnd_Nshal_5,sprfl_mrnevn,0.357208394
Northeast,wnd_Nshal_5,sprfl_night,0.391600085
Northeast,wnd_Nshal_5,wntr_day,0.314114939
Northeast,wnd_Nshal_5,wntr_mrnevn,0.357208394
Northeast,wnd_Nshal_5,wntr_night,0.391600085
Northeast,wnd_Nshal_5,peak,0.271266924
Northeast,wnd_Nshal_6,sum_day,0.406245308
Northeast,wnd_Nshal_6,sum_mrnevn,0.438448161
Northeast,wnd_Nshal_6,sum_night,0.479948799
Northeast,wnd_Nshal_6,sprfl_day,0.343704289
Northeast,wnd_Nshal_6,sprfl_mrnevn,0.385881739
Northeast,wnd_Nshal_6,sprfl_night,0.424035806
Northeast,wnd_Nshal_6,wntr_day,0.343704289
Northeast,wnd_Nshal_6,wntr_mrnevn,0.385881739
Northeast,wnd_Nshal_6,wntr_night,0.424035806
Northeast,wnd_Nshal_6,peak,0.406245308
Northeast,wnd_Nshal_7,sum_day,0.313200461
Northeast,wnd_Nshal_7,sum_mrnevn,0.376713128
Northeast,wnd_Nshal_7,sum_night,0.427422877
Northeast,wnd_Nshal_7,sprfl_day,0.433092686
Northeast,wnd_Nshal_7,sprfl_mrnevn,0.483159587
Northeast,wnd_Nshal_7,sprfl_night,0.524935092
Northeast,wnd_Nshal_7,wntr_day,0.433092686
Northeast,wnd_Nshal_7,wntr_mrnevn,0.483159587
Northeast,wnd_Nshal_7,wntr_night,0.524935092
Northeast,wnd_Nshal_7,peak,0.313200461
Northeast,wnd_Ndeep_3,sum_day,0.34151272
Northeast,wnd_Ndeep_3,sum_mrnevn,0.332454251
Northeast,wnd_Ndeep_3,sum_night,0.334502989
Northeast,wnd_Ndeep_3,sprfl_day,0.211508885
Northeast,wnd_Ndeep_3,sprfl_mrnevn,0.234419613
Northeast,wnd_Ndeep_3,sprfl_night,0.246034771
Northeast,wnd_Ndeep_3,wntr_day,0.211508885
Northeast,wnd_Ndeep_3,wntr_mrnevn,0.234419613
Northeast,wnd_Ndeep_3,wntr_night,0.246034771
Northeast,wnd_Ndeep_3,peak,0.34151272
Northeast,wnd_Ndeep_4,sum_day,0.318643571
Northeast,wnd_Ndeep_4,sum_mrnevn,0.332871855
Northeast,wnd_Ndeep_4,sum_night,0.366676334
Northeast,wnd_Ndeep_4,sprfl_day,0.271999734
Northeast,wnd_Ndeep_4,sprfl_mrnevn,0.308232098
Northeast,wnd_Ndeep_4,sprfl_night,0.336071852
Northeast,wnd_Ndeep_4,wntr_day,0.271999734
Northeast,wnd_Ndeep_4,wntr_mrnevn,0.308232098
Northeast,wnd_Ndeep_4,wntr_night,0.336071852
Northeast,wnd_Ndeep_4,peak,0.318643571
Northeast,wnd_Ndeep_5,sum_day,0.303831986
Northeast,wnd_Ndeep_5,sum_mrnevn,0.351823822
Northeast,wnd_Ndeep_5,sum_night,0.380737343
Northeast,wnd_Ndeep_5,sprfl_day,0.351823822
Northeast,wnd_Ndeep_5,sprfl_mrnevn,0.400090561
Northeast,wnd_Ndeep_5,sprfl_night,0.438610908
Northeast,wnd_Ndeep_5,wntr_day,0.351823822
Northeast,wnd_Ndeep_5,wntr_mrnevn,0.400090561
Northeast,wnd_Ndeep_5,wntr_night,0.438610908
Northeast,wnd_Ndeep_5,peak,0.303831986
Northeast,wnd_Ndeep_6,sum_day,0.436824291
Northeast,wnd_Ndeep_6,sum_mrnevn,0.471451125
Northeast,wnd_Ndeep_6,sum_night,0.516075607
Northeast,wnd_Ndeep_6,sprfl_day,0.369575671
Northeast,wnd_Ndeep_6,sprfl_mrnevn,0.414927911
Northeast,wnd_Ndeep_6,sprfl_night,0.455953919
Northeast,wnd_Ndeep_6,wntr_day,0.369575671
Northeast,wnd_Ndeep_6,wntr_mrnevn,0.414927911
Northeast,wnd_Ndeep_6,wntr_night,0.455953919
Northeast,wnd_Ndeep_6,peak,0.436824291
Northeast,wnd_Ndeep_7,sum_day,0.293680781
Northeast,wnd_Ndeep_7,sum_mrnevn,0.35323513
Northeast,wnd_Ndeep_7,sum_night,0.400784482
Northeast,wnd_Ndeep_7,sprfl_day,0.406100929
Northeast,wnd_Ndeep_7,sprfl_mrnevn,0.453047496
Northeast,wnd_Ndeep_7,sprfl_night,0.492219415
Northeast,wnd_Ndeep_7,wntr_day,0.406100929
Northeast,wnd_Ndeep_7,wntr_mrnevn,0.453047496
Northeast,wnd_Ndeep_7,wntr_night,0.492219415
Northeast,wnd_Ndeep_7,peak,0.293680781
Midwest,col_X1,sum_day,0.813093311
Midwest,col_X1,sum_mrnevn,0.813093311
Midwest,col_X1,sum_night,0.813093311
Midwest,col_X1,sprfl_day,0.754311276
Midwest,col_X1,sprfl_mrnevn,0.754311276
Midwest,col_X1,sprfl_night,0.754311276
Midwest,col_X1,wntr_day,0.754311276
Midwest,col_X1,wntr_mrnevn,0.754311276
Midwest,col_X1,wntr_night,0.754311276
Midwest,col_X1,peak,0.813093311
Midwest,col_X2,sum_day,0.766985511
Midwest,col_X2,sum_mrnevn,0.766985511
Midwest,col_X2,sum_night,0.766985511
Midwest,col_X2,sprfl_day,0.71190535
Midwest,col_X2,sprfl_mrnevn,0.71190535
Midwest,col_X2,sprfl_night,0.71190535
Midwest,col_X2,wntr_day,0.71190535
Midwest,col_X2,wntr_mrnevn,0.71190535
Midwest,col_X2,wntr_night,0.71190535
Midwest,col_X2,peak,0.766985511
Midwest,col_X3,sum_day,0.743904445
Midwest,col_X3,sum_mrnevn,0.743904445
Midwest,col_X3,sum_night,0.743904445
Midwest,col_X3,sprfl_day,0.693931563
Midwest,col_X3,sprfl_mrnevn,0.693931563
Midwest,col_X3,sprfl_night,0.693931563
Midwest,col_X3,wntr_day,0.693931563
Midwest,col_X3,wntr_mrnevn,0.693931563
Midwest,col_X3,wntr_night,0.693931563
Midwest,col_X3,peak,0.743904445
Midwest,ngcc_X1,sum_day,0.88
Midwest,ngcc_X1,sum_mrnevn,0.88
Midwest,ngcc_X1,sum_night,0.88
Midwest,ngcc_X1,sprfl_day,0.822
Midwest,ngcc_X1,sprfl_mrnevn,0.822
Midwest,ngcc_X1,sprfl_night,0.822
Midwest,ngcc_X1,wntr_day,0.822
Midwest,ngcc_X1,wntr_mrnevn,0.822
Midwest,ngcc_X1,wntr_night,0.822
Midwest,ngcc_X1,peak,0.88
Midwest,ngcc_X2,sum_day,0.88
Midwest,ngcc_X2,sum_mrnevn,0.88
Midwest,ngcc_X2,sum_night,0.88
Midwest,ngcc_X2,sprfl_day,0.822
Midwest,ngcc_X2,sprfl_mrnevn,0.822
Midwest,ngcc_X2,sprfl_night,0.822
Midwest,ngcc_X2,wntr_day,0.822
Midwest,ngcc_X2,wntr_mrnevn,0.822
Midwest,ngcc_X2,wntr_night,0.822
Midwest,ngcc_X2,peak,0.88
Midwest,ngcc_X3,sum_day,0.88
Midwest,ngcc_X3,sum_mrnevn,0.88
Midwest,ngcc_X3,sum_night,0.88
Midwest,ngcc_X3,sprfl_day,0.822
Midwest,ngcc_X3,sprfl_mrnevn,0.822
Midwest,ngcc_X3,sprfl_night,0.822
Midwest,ngcc_X3,wntr_day,0.822
Midwest,ngcc_X3,wntr_mrnevn,0.822
Midwest,ngcc_X3,wntr_night,0.822
Midwest,ngcc_X3,peak,0.88
Midwest,ngtb_X1,sum_day,0.915147674
Midwest,ngtb_X1,sum_mrnevn,0.915147674
Midwest,ngtb_X1,sum_night,0.915147674
Midwest,ngtb_X1,sprfl_day,0.893903501
Midwest,ngtb_X1,sprfl_mrnevn,0.893903501
Midwest,ngtb_X1,sprfl_night,0.893903501
Midwest,ngtb_X1,wntr_day,0.893903501
Midwest,ngtb_X1,wntr_mrnevn,0.893903501
Midwest,ngtb_X1,wntr_night,0.893903501
Midwest,ngtb_X1,peak,0.915147674
Midwest,ngtb_X2,sum_day,0.918813584
Midwest,ngtb_X2,sum_mrnevn,0.918813584
Midwest,ngtb_X2,sum_night,0.918813584
Midwest,ngtb_X2,sprfl_day,0.895885565
Midwest,ngtb_X2,sprfl_mrnevn,0.895885565
Midwest,ngtb_X2,sprfl_night,0.895885565
Midwest,ngtb_X2,wntr_day,0.895885565
Midwest,ngtb_X2,wntr_mrnevn,0.895885565
Midwest,ngtb_X2,wntr_night,0.895885565
Midwest,ngtb_X2,peak,0.918813584
Midwest,ngtb_X3,sum_day,0.908
Midwest,ngtb_X3,sum_mrnevn,0.908
Midwest,ngtb_X3,sum_night,0.908
Midwest,ngtb_X3,sprfl_day,0.892
Midwest,ngtb_X3,sprfl_mrnevn,0.892
Midwest,ngtb_X3,sprfl_night,0.892
Midwest,ngtb_X3,wntr_day,0.892
Midwest,ngtb_X3,wntr_mrnevn,0.892
Midwest,ngtb_X3,wntr_night,0.892
Midwest,ngtb_X3,peak,0.908
Midwest,stog_X1,sum_day,0.89055
Midwest,stog_X1,sum_mrnevn,0.89055
Midwest,stog_X1,sum_night,0.89055
Midwest,stog_X1,sprfl_day,0.82955
Midwest,stog_X1,sprfl_mrnevn,0.82955
Midwest,stog_X1,sprfl_night,0.82955
Midwest,stog_X1,wntr_day,0.82955
Midwest,stog_X1,wntr_mrnevn,0.82955
Midwest,stog_X1,wntr_night,0.82955
Midwest,stog_X1,peak,0.89055
Midwest,stog_X2,sum_day,0.868197535
Midwest,stog_X2,sum_mrnevn,0.868197535
Midwest,stog_X2,sum_night,0.868197535
Midwest,stog_X2,sprfl_day,0.790604938
Midwest,stog_X2,sprfl_mrnevn,0.790604938
Midwest,stog_X2,sprfl_night,0.790604938
Midwest,stog_X2,wntr_day,0.790604938
Midwest,stog_X2,wntr_mrnevn,0.790604938
Midwest,stog_X2,wntr_night,0.790604938
Midwest,stog_X2,peak,0.868197535
Midwest,stog_X3,sum_day,0.914799466
Midwest,stog_X3,sum_mrnevn,0.914799466
Midwest,stog_X3,sum_night,0.914799466
Midwest,stog_X3,sprfl_day,0.8744217
Midwest,stog_X3,sprfl_mrnevn,0.8744217
Midwest,stog_X3,sprfl_night,0.8744217
Midwest,stog_X3,wntr_day,0.8744217
Midwest,stog_X3,wntr_mrnevn,0.8744217
Midwest,stog_X3,wntr_night,0.8744217
Midwest,stog_X3,peak,0.914799466
Midwest,nuc_X,sum_day,0.944463426
Midwest,nuc_X,sum_mrnevn,0.944463426
Midwest,nuc_X,sum_night,0.944463426
Midwest,nuc_X,sprfl_day,0.879059078
Midwest,nuc_X,sprfl_mrnevn,0.879059078
Midwest,nuc_X,sprfl_night,0.879059078
Midwest,nuc_X,wntr_day,0.879059078
Midwest,nuc_X,wntr_mrnevn,0.879059078
Midwest,nuc_X,wntr_night,0.879059078
Midwest,nuc_X,peak,0.944463426
Midwest,hyd_X,sum_day,0.455831412
Midwest,hyd_X,sum_mrnevn,0.455831412
Midwest,hyd_X,sum_night,0.455831412
Midwest,hyd_X,sprfl_day,0.367907835
Midwest,hyd_X,sprfl_mrnevn,0.367907835
Midwest,hyd_X,sprfl_night,0.367907835
Midwest,hyd_X,wntr_day,0.367907835
Midwest,hyd_X,wntr_mrnevn,0.367907835
Midwest,hyd_X,wntr_night,0.367907835
Midwest,hyd_X,peak,0.455831412
Midwest,bio_X,sum_day,0.83
Midwest,bio_X,sum_mrnevn,0.83
Midwest,bio_X,sum_night,0.83
Midwest,bio_X,sprfl_day,0.83
Midwest,bio_X,sprfl_mrnevn,0.83
Midwest,bio_X,sprfl_night,0.83
Midwest,bio_X,wntr_day,0.83
Midwest,bio_X,wntr_mrnevn,0.83
Midwest,bio_X,wntr_night,0.83
Midwest,bio_X,peak,0.83
Midwest,lfg_X,sum_day,0.9
Midwest,lfg_X,sum_mrnevn,0.9
Midwest,lfg_X,sum_night,0.9
Midwest,lfg_X,sprfl_day,0.9
Midwest,lfg_X,sprfl_mrnevn,0.9
Midwest,lfg_X,sprfl_night,0.9
Midwest,lfg_X,wntr_day,0.9
Midwest,lfg_X,wntr_mrnevn,0.9
Midwest,lfg_X,wntr_night,0.9
Midwest,lfg_X,peak,0.9
Midwest,msw_X,sum_day,0.9
Midwest,msw_X,sum_mrnevn,0.9
Midwest,msw_X,sum_night,0.9
Midwest,msw_X,sprfl_day,0.9
Midwest,msw_X,sprfl_mrnevn,0.9
Midwest,msw_X,sprfl_night,0.9
Midwest,msw_X,wntr_day,0.9
Midwest,msw_X,wntr_mrnevn,0.9
Midwest,msw_X,wntr_night,0.9
Midwest,msw_X,peak,0.9
Midwest,wnd_X,sum_day,0.303463665
Midwest,wnd_X,sum_mrnevn,0.351397322
Midwest,wnd_X,sum_night,0.380275794
Midwest,wnd_X,sprfl_day,0.351397322
Midwest,wnd_X,sprfl_mrnevn,0.39960555
Midwest,wnd_X,sprfl_night,0.438079201
Midwest,wnd_X,wntr_day,0.351397322
Midwest,wnd_X,wntr_mrnevn,0.39960555
Midwest,wnd_X,wntr_night,0.438079201
Midwest,wnd_X,peak,0.303463665
Midwest,oth_X,sum_day,0.9
Midwest,oth_X,sum_mrnevn,0.9
Midwest,oth_X,sum_night,0.9
Midwest,oth_X,sprfl_day,0.9
Midwest,oth_X,sprfl_mrnevn,0.9
Midwest,oth_X,sprfl_night,0.9
Midwest,oth_X,wntr_day,0.9
Midwest,oth_X,wntr_mrnevn,0.9
Midwest,oth_X,wntr_night,0.9
Midwest,oth_X,peak,0.9
Midwest,ps_X,sum_day,0.927
Midwest,ps_X,sum_mrnevn,0.927
Midwest,ps_X,sum_night,0.927
Midwest,ps_X,sprfl_day,0.875
Midwest,ps_X,sprfl_mrnevn,0.875
Midwest,ps_X,sprfl_night,0.875
Midwest,ps_X,wntr_day,0.875
Midwest,ps_X,wntr_mrnevn,0.875
Midwest,ps_X,wntr_night,0.875
Midwest,ps_X,peak,0.927
Midwest,col_N,sum_day,0.85
Midwest,col_N,sum_mrnevn,0.85
Midwest,col_N,sum_night,0.85
Midwest,col_N,sprfl_day,0.85
Midwest,col_N,sprfl_mrnevn,0.85
Midwest,col_N,sprfl_night,0.85
Midwest,col_N,wntr_day,0.85
Midwest,col_N,wntr_mrnevn,0.85
Midwest,col_N,wntr_night,0.85
Midwest,col_N,peak,0.85
Midwest,col_Nccs,sum_day,0.85
Midwest,col_Nccs,sum_mrnevn,0.85
Midwest,col_Nccs,sum_night,0.85
Midwest,col_Nccs,sprfl_day,0.85
Midwest,col_Nccs,sprfl_mrnevn,0.85
Midwest,col_Nccs,sprfl_night,0.85
Midwest,col_Nccs,wntr_day,0.85
Midwest,col_Nccs,wntr_mrnevn,0.85
Midwest,col_Nccs,wntr_night,0.85
Midwest,col_Nccs,peak,0.85
Midwest,ngcc_N,sum_day,0.87
Midwest,ngcc_N,sum_mrnevn,0.87
Midwest,ngcc_N,sum_night,0.87
Midwest,ngcc_N,sprfl_day,0.87
Midwest,ngcc_N,sprfl_mrnevn,0.87
Midwest,ngcc_N,sprfl_night,0.87
Midwest,ngcc_N,wntr_day,0.87
Midwest,ngcc_N,wntr_mrnevn,0.87
Midwest,ngcc_N,wntr_night,0.87
Midwest,ngcc_N,peak,0.87
Midwest,ngcc_Nccs,sum_day,0.87
Midwest,ngcc_Nccs,sum_mrnevn,0.87
Midwest,ngcc_Nccs,sum_night,0.87
Midwest,ngcc_Nccs,sprfl_day,0.87
Midwest,ngcc_Nccs,sprfl_mrnevn,0.87
Midwest,ngcc_Nccs,sprfl_night,0.87
Midwest,ngcc_Nccs,wntr_day,0.87
Midwest,ngcc_Nccs,wntr_mrnevn,0.87
Midwest,ngcc_Nccs,wntr_night,0.87
Midwest,ngcc_Nccs,peak,0.87
Midwest,ngtb_N,sum_day,0.92
Midwest,ngtb_N,sum_mrnevn,0.92
Midwest,ngtb_N,sum_night,0.92
Midwest,ngtb_N,sprfl_day,0.92
Midwest,ngtb_N,sprfl_mrnevn,0.92
Midwest,ngtb_N,sprfl_night,0.92
Midwest,ngtb_N,wntr_day,0.92
Midwest,ngtb_N,wntr_mrnevn,0.92
Midwest,ngtb_N,wntr_night,0.92
Midwest,ngtb_N,peak,0.92
Midwest,nuc_N,sum_day,0.9
Midwest,nuc_N,sum_mrnevn,0.9
Midwest,nuc_N,sum_night,0.9
Midwest,nuc_N,sprfl_day,0.9
Midwest,nuc_N,sprfl_mrnevn,0.9
Midwest,nuc_N,sprfl_night,0.9
Midwest,nuc_N,wntr_day,0.9
Midwest,nuc_N,wntr_mrnevn,0.9
Midwest,nuc_N,wntr_night,0.9
Midwest,nuc_N,peak,0.9
Midwest,bio_N,sum_day,0.83
Midwest,bio_N,sum_mrnevn,0.83
Midwest,bio_N,sum_night,0.83
Midwest,bio_N,sprfl_day,0.83
Midwest,bio_N,sprfl_mrnevn,0.83
Midwest,bio_N,sprfl_night,0.83
Midwest,bio_N,wntr_day,0.83
Midwest,bio_N,wntr_mrnevn,0.83
Midwest,bio_N,wntr_night,0.83
Midwest,bio_N,peak,0.83
Midwest,lfg_N_hi,sum_day,0.9
Midwest,lfg_N_hi,sum_mrnevn,0.9
Midwest,lfg_N_hi,sum_night,0.9
Midwest,lfg_N_hi,sprfl_day,0.9
Midwest,lfg_N_hi,sprfl_mrnevn,0.9
Midwest,lfg_N_hi,sprfl_night,0.9
Midwest,lfg_N_hi,wntr_day,0.9
Midwest,lfg_N_hi,wntr_mrnevn,0.9
Midwest,lfg_N_hi,wntr_night,0.9
Midwest,lfg_N_hi,peak,0.9
Midwest,lfg_N_lo,sum_day,0.9
Midwest,lfg_N_lo,sum_mrnevn,0.9
Midwest,lfg_N_lo,sum_night,0.9
Midwest,lfg_N_lo,sprfl_day,0.9
Midwest,lfg_N_lo,sprfl_mrnevn,0.9
Midwest,lfg_N_lo,sprfl_night,0.9
Midwest,lfg_N_lo,wntr_day,0.9
Midwest,lfg_N_lo,wntr_mrnevn,0.9
Midwest,lfg_N_lo,wntr_night,0.9
Midwest,lfg_N_lo,peak,0.9
Midwest,lfg_N_vl,sum_day,0.9
Midwest,lfg_N_vl,sum_mrnevn,0.9
Midwest,lfg_N_vl,sum_night,0.9
Midwest,lfg_N_vl,sprfl_day,0.9
Midwest,lfg_N_vl,sprfl_mrnevn,0.9
Midwest,lfg_N_vl,sprfl_night,0.9
Midwest,lfg_N_vl,wntr_day,0.9
Midwest,lfg_N_vl,wntr_mrnevn,0.9
Midwest,lfg_N_vl,wntr_night,0.9
Midwest,lfg_N_vl,peak,0.9
Midwest,fc_N,sum_day,0.9
Midwest,fc_N,sum_mrnevn,0.9
Midwest,fc_N,sum_night,0.9
Midwest,fc_N,sprfl_day,0.9
Midwest,fc_N,sprfl_mrnevn,0.9
Midwest,fc_N,sprfl_night,0.9
Midwest,fc_N,wntr_day,0.9
Midwest,fc_N,wntr_mrnevn,0.9
Midwest,fc_N,wntr_night,0.9
Midwest,fc_N,peak,0.9
Midwest,geo_N_1,sum_day,0.87
Midwest,geo_N_1,sum_mrnevn,0.87
Midwest,geo_N_1,sum_night,0.87
Midwest,geo_N_1,sprfl_day,0.87
Midwest,geo_N_1,sprfl_mrnevn,0.87
Midwest,geo_N_1,sprfl_night,0.87
Midwest,geo_N_1,wntr_day,0.87
Midwest,geo_N_1,wntr_mrnevn,0.87
Midwest,geo_N_1,wntr_night,0.87
Midwest,geo_N_1,peak,0.87
Midwest,geo_N_2,sum_day,0.87
Midwest,geo_N_2,sum_mrnevn,0.87
Midwest,geo_N_2,sum_night,0.87
Midwest,geo_N_2,sprfl_day,0.87
Midwest,geo_N_2,sprfl_mrnevn,0.87
Midwest,geo_N_2,sprfl_night,0.87
Midwest,geo_N_2,wntr_day,0.87
Midwest,geo_N_2,wntr_mrnevn,0.87
Midwest,geo_N_2,wntr_night,0.87
Midwest,geo_N_2,peak,0.87
Midwest,geo_N_3,sum_day,0.87
Midwest,geo_N_3,sum_mrnevn,0.87
Midwest,geo_N_3,sum_night,0.87
Midwest,geo_N_3,sprfl_day,0.87
Midwest,geo_N_3,sprfl_mrnevn,0.87
Midwest,geo_N_3,sprfl_night,0.87
Midwest,geo_N_3,wntr_day,0.87
Midwest,geo_N_3,wntr_mrnevn,0.87
Midwest,geo_N_3,wntr_night,0.87
Midwest,geo_N_3,peak,0.87
Midwest,geo_N_4,sum_day,0.87
Midwest,geo_N_4,sum_mrnevn,0.87
Midwest,geo_N_4,sum_night,0.87
Midwest,geo_N_4,sprfl_day,0.87
Midwest,geo_N_4,sprfl_mrnevn,0.87
Midwest,geo_N_4,sprfl_night,0.87
Midwest,geo_N_4,wntr_day,0.87
Midwest,geo_N_4,wntr_mrnevn,0.87
Midwest,geo_N_4,wntr_night,0.87
Midwest,geo_N_4,peak,0.87
Midwest,geo_N_5,sum_day,0.87
Midwest,geo_N_5,sum_mrnevn,0.87
Midwest,geo_N_5,sum_night,0.87
Midwest,geo_N_5,sprfl_day,0.87
Midwest,geo_N_5,sprfl_mrnevn,0.87
Midwest,geo_N_5,sprfl_night,0.87
Midwest,geo_N_5,wntr_day,0.87
Midwest,geo_N_5,wntr_mrnevn,0.87
Midwest,geo_N_5,wntr_night,0.87
Midwest,geo_N_5,peak,0.87
Midwest,geo_N_6,sum_day,0.87
Midwest,geo_N_6,sum_mrnevn,0.87
Midwest,geo_N_6,sum_night,0.87
Midwest,geo_N_6,sprfl_day,0.87
Midwest,geo_N_6,sprfl_mrnevn,0.87
Midwest,geo_N_6,sprfl_night,0.87
Midwest,geo_N_6,wntr_day,0.87
Midwest,geo_N_6,wntr_mrnevn,0.87
Midwest,geo_N_6,wntr_night,0.87
Midwest,geo_N_6,peak,0.87
Midwest,geo_N_7,sum_day,0.87
Midwest,geo_N_7,sum_mrnevn,0.87
Midwest,geo_N_7,sum_night,0.87
Midwest,geo_N_7,sprfl_day,0.87
Midwest,geo_N_7,sprfl_mrnevn,0.87
Midwest,geo_N_7,sprfl_night,0.87
Midwest,geo_N_7,wntr_day,0.87
Midwest,geo_N_7,wntr_mrnevn,0.87
Midwest,geo_N_7,wntr_night,0.87
Midwest,geo_N_7,peak,0.87
Midwest,geo_N_8,sum_day,0.87
Midwest,geo_N_8,sum_mrnevn,0.87
Midwest,geo_N_8,sum_night,0.87
Midwest,geo_N_8,sprfl_day,0.87
Midwest,geo_N_8,sprfl_mrnevn,0.87
Midwest,geo_N_8,sprfl_night,0.87
Midwest,geo_N_8,wntr_day,0.87
Midwest,geo_N_8,wntr_mrnevn,0.87
Midwest,geo_N_8,wntr_night,0.87
Midwest,geo_N_8,peak,0.87
Midwest,geo_N_9,sum_day,0.87
Midwest,geo_N_9,sum_mrnevn,0.87
Midwest,geo_N_9,sum_night,0.87
Midwest,geo_N_9,sprfl_day,0.87
Midwest,geo_N_9,sprfl_mrnevn,0.87
Midwest,geo_N_9,sprfl_night,0.87
Midwest,geo_N_9,wntr_day,0.87
Midwest,geo_N_9,wntr_mrnevn,0.87
Midwest,geo_N_9,wntr_night,0.87
Midwest,geo_N_9,peak,0.87
Midwest,geo_N_10,sum_day,0.87
Midwest,geo_N_10,sum_mrnevn,0.87
Midwest,geo_N_10,sum_night,0.87
Midwest,geo_N_10,sprfl_day,0.87
Midwest,geo_N_10,sprfl_mrnevn,0.87
Midwest,geo_N_10,sprfl_night,0.87
Midwest,geo_N_10,wntr_day,0.87
Midwest,geo_N_10,wntr_mrnevn,0.87
Midwest,geo_N_10,wntr_night,0.87
Midwest,geo_N_10,peak,0.87
Midwest,slrPV_N,sum_day,0.511251669
Midwest,slrPV_N,sum_mrnevn,0.010895527
Midwest,slrPV_N,sprfl_day,0.529496153
Midwest,slrPV_N,sprfl_mrnevn,0.16132858
Midwest,slrPV_N,wntr_day,0.529496153
Midwest,slrPV_N,wntr_mrnevn,0.16132858
Midwest,slrPV_N,peak,0.511251669
Midwest,wnd_Nonsh_3,sum_day,0.339404032
Midwest,wnd_Nonsh_3,sum_mrnevn,0.330401496
Midwest,wnd_Nonsh_3,sum_night,0.332437584
Midwest,wnd_Nonsh_3,sprfl_day,0.210202913
Midwest,wnd_Nonsh_3,sprfl_mrnevn,0.232972178
Midwest,wnd_Nonsh_3,sprfl_night,0.244515617
Midwest,wnd_Nonsh_3,wntr_day,0.210202913
Midwest,wnd_Nonsh_3,wntr_mrnevn,0.232972178
Midwest,wnd_Nonsh_3,wntr_night,0.244515617
Midwest,wnd_Nonsh_3,peak,0.339404032
Midwest,wnd_Nonsh_4,sum_day,0.30180488
Midwest,wnd_Nonsh_4,sum_mrnevn,0.315281271
Midwest,wnd_Nonsh_4,sum_night,0.347299355
Midwest,wnd_Nonsh_4,sprfl_day,0.257625933
Midwest,wnd_Nonsh_4,sprfl_mrnevn,0.2919436
Midwest,wnd_Nonsh_4,sprfl_night,0.318312165
Midwest,wnd_Nonsh_4,wntr_day,0.257625933
Midwest,wnd_Nonsh_4,wntr_mrnevn,0.2919436
Midwest,wnd_Nonsh_4,wntr_night,0.318312165
Midwest,wnd_Nonsh_4,peak,0.30180488
Midwest,wnd_Nonsh_5,sum_day,0.303463665
Midwest,wnd_Nonsh_5,sum_mrnevn,0.351397322
Midwest,wnd_Nonsh_5,sum_night,0.380275794
Midwest,wnd_Nonsh_5,sprfl_day,0.351397322
Midwest,wnd_Nonsh_5,sprfl_mrnevn,0.39960555
Midwest,wnd_Nonsh_5,sprfl_night,0.438079201
Midwest,wnd_Nonsh_5,wntr_day,0.351397322
Midwest,wnd_Nonsh_5,wntr_mrnevn,0.39960555
Midwest,wnd_Nonsh_5,wntr_night,0.438079201
Midwest,wnd_Nonsh_5,peak,0.303463665
Midwest,wnd_Nonsh_6,sum_day,0.41570713
Midwest,wnd_Nonsh_6,sum_mrnevn,0.448660017
Midwest,wnd_Nonsh_6,sum_night,0.491127243
Midwest,wnd_Nonsh_6,sprfl_day,0.351709474
Midwest,wnd_Nonsh_6,sprfl_mrnevn,0.394869275
Midwest,wnd_Nonsh_6,sprfl_night,0.433911985
Midwest,wnd_Nonsh_6,wntr_day,0.351709474
Midwest,wnd_Nonsh_6,wntr_mrnevn,0.394869275
Midwest,wnd_Nonsh_6,wntr_night,0.433911985
Midwest,wnd_Nonsh_6,peak,0.41570713
Midwest,wnd_Nonsh_7,sum_day,0.373914254
Midwest,wnd_Nonsh_7,sum_mrnevn,0.449738828
Midwest,wnd_Nonsh_7,sum_night,0.510278643
Midwest,wnd_Nonsh_7,sprfl_day,0.517047542
Midwest,wnd_Nonsh_7,sprfl_mrnevn,0.576819892
Midwest,wnd_Nonsh_7,sprfl_night,0.626693564
Midwest,wnd_Nonsh_7,wntr_day,0.517047542
Midwest,wnd_Nonsh_7,wntr_mrnevn,0.576819892
Midwest,wnd_Nonsh_7,wntr_night,0.626693564
Midwest,wnd_Nonsh_7,peak,0.373914254
Midwest,wnd_Nshal_3,sum_day,0.331662497
Midwest,wnd_Nshal_3,sum_mrnevn,0.322865301
Midwest,wnd_Nshal_3,sum_night,0.324854947
Midwest,wnd_Nshal_3,sprfl_day,0.205408352
Midwest,wnd_Nshal_3,sprfl_mrnevn,0.227658268
Midwest,wnd_Nshal_3,sprfl_night,0.238938411
Midwest,wnd_Nshal_3,wntr_day,0.205408352
Midwest,wnd_Nshal_3,wntr_mrnevn,0.227658268
Midwest,wnd_Nshal_3,wntr_night,0.238938411
Midwest,wnd_Nshal_3,peak,0.331662497
Midwest,wnd_Nshal_4,sum_day,0.312832874
Midwest,wnd_Nshal_4,sum_mrnevn,0.326801695
Midwest,wnd_Nshal_4,sum_night,0.359989724
Midwest,wnd_Nshal_4,sprfl_day,0.267039621
Midwest,wnd_Nshal_4,sprfl_mrnevn,0.302611262
Midwest,wnd_Nshal_4,sprfl_night,0.329943338
Midwest,wnd_Nshal_4,wntr_day,0.267039621
Midwest,wnd_Nshal_4,wntr_mrnevn,0.302611262
Midwest,wnd_Nshal_4,wntr_night,0.329943338
Midwest,wnd_Nshal_4,peak,0.312832874
Midwest,wnd_Nshal_5,sum_day,0.310063663
Midwest,wnd_Nshal_5,sum_mrnevn,0.359039824
Midwest,wnd_Nshal_5,sum_night,0.38854637
Midwest,wnd_Nshal_5,sprfl_day,0.359039824
Midwest,wnd_Nshal_5,sprfl_mrnevn,0.408296527
Midwest,wnd_Nshal_5,sprfl_night,0.447606937
Midwest,wnd_Nshal_5,wntr_day,0.359039824
Midwest,wnd_Nshal_5,wntr_mrnevn,0.408296527
Midwest,wnd_Nshal_5,wntr_night,0.447606937
Midwest,wnd_Nshal_5,peak,0.310063663
Midwest,wnd_Nshal_6,sum_day,0.475929053
Midwest,wnd_Nshal_6,sum_mrnevn,0.513655701
Midwest,wnd_Nshal_6,sum_night,0.562274993
Midwest,wnd_Nshal_6,sprfl_day,0.402660299
Midwest,wnd_Nshal_6,sprfl_mrnevn,0.452072497
Midwest,wnd_Nshal_6,sprfl_night,0.496771177
Midwest,wnd_Nshal_6,wntr_day,0.402660299
Midwest,wnd_Nshal_6,wntr_mrnevn,0.452072497
Midwest,wnd_Nshal_6,wntr_night,0.496771177
Midwest,wnd_Nshal_6,peak,0.475929053
Midwest,wnd_Nshal_7,sum_day,0.469800691
Midwest,wnd_Nshal_7,sum_mrnevn,0.565069692
Midwest,wnd_Nshal_7,sum_night,0.641134316
Midwest,wnd_Nshal_7,sprfl_day,0.649639029
Midwest,wnd_Nshal_7,sprfl_mrnevn,0.72473938
Midwest,wnd_Nshal_7,sprfl_night,0.787402638
Midwest,wnd_Nshal_7,wntr_day,0.649639029
Midwest,wnd_Nshal_7,wntr_mrnevn,0.72473938
Midwest,wnd_Nshal_7,wntr_night,0.787402638
Midwest,wnd_Nshal_7,peak,0.469800691
Midwest,wnd_Ndeep_3,sum_day,0.36334457
Midwest,wnd_Ndeep_3,sum_mrnevn,0.353707022
Midwest,wnd_Ndeep_3,sum_night,0.355886729
Midwest,wnd_Ndeep_3,sprfl_day,0.225029992
Midwest,wnd_Ndeep_3,sprfl_mrnevn,0.249405333
Midwest,wnd_Ndeep_3,sprfl_night,0.261763012
Midwest,wnd_Ndeep_3,wntr_day,0.225029992
Midwest,wnd_Ndeep_3,wntr_mrnevn,0.249405333
Midwest,wnd_Ndeep_3,wntr_night,0.261763012
Midwest,wnd_Ndeep_3,peak,0.36334457
Midwest,wnd_Ndeep_4,sum_day,0.338932095
Midwest,wnd_Ndeep_4,sum_mrnevn,0.354066316
Midwest,wnd_Ndeep_4,sum_night,0.390023176
Midwest,wnd_Ndeep_4,sprfl_day,0.289318373
Midwest,wnd_Ndeep_4,sprfl_mrnevn,0.327857707
Midwest,wnd_Ndeep_4,sprfl_night,0.357470061
Midwest,wnd_Ndeep_4,wntr_day,0.289318373
Midwest,wnd_Ndeep_4,wntr_mrnevn,0.327857707
Midwest,wnd_Ndeep_4,wntr_night,0.357470061
Midwest,wnd_Ndeep_4,peak,0.338932095
Midwest,wnd_Ndeep_5,sum_day,0.33700009
Midwest,wnd_Ndeep_5,sum_mrnevn,0.390230999
Midwest,wnd_Ndeep_5,sum_night,0.422300892
Midwest,wnd_Ndeep_5,sprfl_day,0.390230999
Midwest,wnd_Ndeep_5,sprfl_mrnevn,0.443766822
Midwest,wnd_Ndeep_5,sprfl_night,0.486492279
Midwest,wnd_Ndeep_5,wntr_day,0.390230999
Midwest,wnd_Ndeep_5,wntr_mrnevn,0.443766822
Midwest,wnd_Ndeep_5,wntr_night,0.486492279
Midwest,wnd_Ndeep_5,peak,0.33700009
Midwest,wnd_Ndeep_6,sum_day,0.474760432
Midwest,wnd_Ndeep_6,sum_mrnevn,0.512394443
Midwest,wnd_Ndeep_6,sum_night,0.560894352
Midwest,wnd_Ndeep_6,sprfl_day,0.401671584
Midwest,wnd_Ndeep_6,sprfl_mrnevn,0.450962454
Midwest,wnd_Ndeep_6,sprfl_night,0.495551378
Midwest,wnd_Ndeep_6,wntr_day,0.401671584
Midwest,wnd_Ndeep_6,wntr_mrnevn,0.450962454
Midwest,wnd_Ndeep_6,wntr_night,0.495551378
Midwest,wnd_Ndeep_6,peak,0.474760432
Midwest,wnd_Ndeep_7,sum_day,0.405076939
Midwest,wnd_Ndeep_7,sum_mrnevn,0.487220869
Midwest,wnd_Ndeep_7,sum_night,0.552806181
Midwest,wnd_Ndeep_7,sprfl_day,0.560139212
Midwest,wnd_Ndeep_7,sprfl_mrnevn,0.624893098
Midwest,wnd_Ndeep_7,sprfl_night,0.67892333
Midwest,wnd_Ndeep_7,wntr_day,0.560139212
Midwest,wnd_Ndeep_7,wntr_mrnevn,0.624893098
Midwest,wnd_Ndeep_7,wntr_night,0.67892333
Midwest,wnd_Ndeep_7,peak,0.405076939
Midwest,slr_X,sum_day,0.598878505
Midwest,slr_X,sum_mrnevn,0.236224299
Midwest,slr_X,sum_night,0.007485981
Midwest,slr_X,sprfl_day,0.435490966
Midwest,slr_X,sprfl_mrnevn,0.214155367
Midwest,slr_X,sprfl_night,0.002173832
Midwest,slr_X,wntr_day,0.435490966
Midwest,slr_X,wntr_mrnevn,0.214155367
Midwest,slr_X,wntr_night,0.002173832
Midwest,slr_X,peak,0.598878505
Midwest,slrCSP_N,sum_day,0.598878505
Midwest,slrCSP_N,sum_mrnevn,0.236224299
Midwest,slrCSP_N,sum_night,0.007485981
Midwest,slrCSP_N,sprfl_day,0.435490966
Midwest,slrCSP_N,sprfl_mrnevn,0.214155367
Midwest,slrCSP_N,sprfl_night,0.002173832
Midwest,slrCSP_N,wntr_day,0.435490966
Midwest,slrCSP_N,wntr_mrnevn,0.214155367
Midwest,slrCSP_N,wntr_night,0.002173832
Midwest,slrCSP_N,peak,0.598878505
South,col_X1,sum_day,0.760697322
South,col_X1,sum_mrnevn,0.760697322
South,col_X1,sum_night,0.760697322
South,col_X1,sprfl_day,0.702303801
South,col_X1,sprfl_mrnevn,0.702303801
South,col_X1,sprfl_night,0.702303801
South,col_X1,wntr_day,0.702303801
South,col_X1,wntr_mrnevn,0.702303801
South,col_X1,wntr_night,0.702303801
South,col_X1,peak,0.760697322
South,col_X2,sum_day,0.803665743
South,col_X2,sum_mrnevn,0.803665743
South,col_X2,sum_night,0.803665743
South,col_X2,sprfl_day,0.750935637
South,col_X2,sprfl_mrnevn,0.750935637
South,col_X2,sprfl_night,0.750935637
South,col_X2,wntr_day,0.750935637
South,col_X2,wntr_mrnevn,0.750935637
South,col_X2,wntr_night,0.750935637
South,col_X2,peak,0.803665743
South,col_X3,sum_day,0.743823649
South,col_X3,sum_mrnevn,0.743823649
South,col_X3,sum_night,0.743823649
South,col_X3,sprfl_day,0.69010693
South,col_X3,sprfl_mrnevn,0.69010693
South,col_X3,sprfl_night,0.69010693
South,col_X3,wntr_day,0.69010693
South,col_X3,wntr_mrnevn,0.69010693
South,col_X3,wntr_night,0.69010693
South,col_X3,peak,0.743823649
South,ngcc_X1,sum_day,0.88
South,ngcc_X1,sum_mrnevn,0.88
South,ngcc_X1,sum_night,0.88
South,ngcc_X1,sprfl_day,0.822
South,ngcc_X1,sprfl_mrnevn,0.822
South,ngcc_X1,sprfl_night,0.822
South,ngcc_X1,wntr_day,0.822
South,ngcc_X1,wntr_mrnevn,0.822
South,ngcc_X1,wntr_night,0.822
South,ngcc_X1,peak,0.88
South,ngcc_X2,sum_day,0.88
South,ngcc_X2,sum_mrnevn,0.88
South,ngcc_X2,sum_night,0.88
South,ngcc_X2,sprfl_day,0.822
South,ngcc_X2,sprfl_mrnevn,0.822
South,ngcc_X2,sprfl_night,0.822
South,ngcc_X2,wntr_day,0.822
South,ngcc_X2,wntr_mrnevn,0.822
South,ngcc_X2,wntr_night,0.822
South,ngcc_X2,peak,0.88
South,ngcc_X3,sum_day,0.88
South,ngcc_X3,sum_mrnevn,0.88
South,ngcc_X3,sum_night,0.88
South,ngcc_X3,sprfl_day,0.822
South,ngcc_X3,sprfl_mrnevn,0.822
South,ngcc_X3,sprfl_night,0.822
South,ngcc_X3,wntr_day,0.822
South,ngcc_X3,wntr_mrnevn,0.822
South,ngcc_X3,wntr_night,0.822
South,ngcc_X3,peak,0.88
South,ngtb_X1,sum_day,0.919102299
South,ngtb_X1,sum_mrnevn,0.919102299
South,ngtb_X1,sum_night,0.919102299
South,ngtb_X1,sprfl_day,0.896952964
South,ngtb_X1,sprfl_mrnevn,0.896952964
South,ngtb_X1,sprfl_night,0.896952964
South,ngtb_X1,wntr_day,0.896952964
South,ngtb_X1,wntr_mrnevn,0.896952964
South,ngtb_X1,wntr_night,0.896952964
South,ngtb_X1,peak,0.919102299
South,ngtb_X2,sum_day,0.91932948
South,ngtb_X2,sum_mrnevn,0.91932948
South,ngtb_X2,sum_night,0.91932948
South,ngtb_X2,sprfl_day,0.897456078
South,ngtb_X2,sprfl_mrnevn,0.897456078
South,ngtb_X2,sprfl_night,0.897456078
South,ngtb_X2,wntr_day,0.897456078
South,ngtb_X2,wntr_mrnevn,0.897456078
South,ngtb_X2,wntr_night,0.897456078
South,ngtb_X2,peak,0.91932948
South,stog_X1,sum_day,0.880424773
South,stog_X1,sum_mrnevn,0.880424773
South,stog_X1,sum_night,0.880424773
South,stog_X1,sprfl_day,0.808629909
South,stog_X1,sprfl_mrnevn,0.808629909
South,stog_X1,sprfl_night,0.808629909
South,stog_X1,wntr_day,0.808629909
South,stog_X1,wntr_mrnevn,0.808629909
South,stog_X1,wntr_night,0.808629909
South,stog_X1,peak,0.880424773
South,stog_X2,sum_day,0.882636345
South,stog_X2,sum_mrnevn,0.882636345
South,stog_X2,sum_night,0.882636345
South,stog_X2,sprfl_day,0.808877121
South,stog_X2,sprfl_mrnevn,0.808877121
South,stog_X2,sprfl_night,0.808877121
South,stog_X2,wntr_day,0.808877121
South,stog_X2,wntr_mrnevn,0.808877121
South,stog_X2,wntr_night,0.808877121
South,stog_X2,peak,0.882636345
South,stog_X3,sum_day,0.899046148
South,stog_X3,sum_mrnevn,0.899046148
South,stog_X3,sum_night,0.899046148
South,stog_X3,sprfl_day,0.846588583
South,stog_X3,sprfl_mrnevn,0.846588583
South,stog_X3,sprfl_night,0.846588583
South,stog_X3,wntr_day,0.846588583
South,stog_X3,wntr_mrnevn,0.846588583
South,stog_X3,wntr_night,0.846588583
South,stog_X3,peak,0.899046148
South,nuc_X,sum_day,0.94102733
South,nuc_X,sum_mrnevn,0.94102733
South,nuc_X,sum_night,0.94102733
South,nuc_X,sprfl_day,0.878816383
South,nuc_X,sprfl_mrnevn,0.878816383
South,nuc_X,sprfl_night,0.878816383
South,nuc_X,wntr_day,0.878816383
South,nuc_X,wntr_mrnevn,0.878816383
South,nuc_X,wntr_night,0.878816383
South,nuc_X,peak,0.94102733
South,hyd_X,sum_day,0.286582057
South,hyd_X,sum_mrnevn,0.286582057
South,hyd_X,sum_night,0.286582057
South,hyd_X,sprfl_day,0.281101632
South,hyd_X,sprfl_mrnevn,0.281101632
South,hyd_X,sprfl_night,0.281101632
South,hyd_X,wntr_day,0.281101632
South,hyd_X,wntr_mrnevn,0.281101632
South,hyd_X,wntr_night,0.281101632
South,hyd_X,peak,0.286582057
South,bio_X,sum_day,0.83
South,bio_X,sum_mrnevn,0.83
South,bio_X,sum_night,0.83
South,bio_X,sprfl_day,0.83
South,bio_X,sprfl_mrnevn,0.83
South,bio_X,sprfl_night,0.83
South,bio_X,wntr_day,0.83
South,bio_X,wntr_mrnevn,0.83
South,bio_X,wntr_night,0.83
South,bio_X,peak,0.83
South,lfg_X,sum_day,0.9
South,lfg_X,sum_mrnevn,0.9
South,lfg_X,sum_night,0.9
South,lfg_X,sprfl_day,0.9
South,lfg_X,sprfl_mrnevn,0.9
South,lfg_X,sprfl_night,0.9
South,lfg_X,wntr_day,0.9
South,lfg_X,wntr_mrnevn,0.9
South,lfg_X,wntr_night,0.9
South,lfg_X,peak,0.9
South,msw_X,sum_day,0.9
South,msw_X,sum_mrnevn,0.9
South,msw_X,sum_night,0.9
South,msw_X,sprfl_day,0.9
South,msw_X,sprfl_mrnevn,0.9
South,msw_X,sprfl_night,0.9
South,msw_X,wntr_day,0.9
South,msw_X,wntr_mrnevn,0.9
South,msw_X,wntr_night,0.9
South,msw_X,peak,0.9
South,oth_X,sum_day,0.9
South,oth_X,sum_mrnevn,0.9
South,oth_X,sum_night,0.9
South,oth_X,sprfl_day,0.9
South,oth_X,sprfl_mrnevn,0.9
South,oth_X,sprfl_night,0.9
South,oth_X,wntr_day,0.9
South,oth_X,wntr_mrnevn,0.9
South,oth_X,wntr_night,0.9
South,oth_X,peak,0.9
South,col_N,sum_day,0.85
South,col_N,sum_mrnevn,0.85
South,col_N,sum_night,0.85
South,col_N,sprfl_day,0.85
South,col_N,sprfl_mrnevn,0.85
South,col_N,sprfl_night,0.85
South,col_N,wntr_day,0.85
South,col_N,wntr_mrnevn,0.85
South,col_N,wntr_night,0.85
South,col_N,peak,0.85
South,col_Nccs,sum_day,0.85
South,col_Nccs,sum_mrnevn,0.85
South,col_Nccs,sum_night,0.85
South,col_Nccs,sprfl_day,0.85
South,col_Nccs,sprfl_mrnevn,0.85
South,col_Nccs,sprfl_night,0.85
South,col_Nccs,wntr_day,0.85
South,col_Nccs,wntr_mrnevn,0.85
South,col_Nccs,wntr_night,0.85
South,col_Nccs,peak,0.85
South,ngcc_N,sum_day,0.87
South,ngcc_N,sum_mrnevn,0.87
South,ngcc_N,sum_night,0.87
South,ngcc_N,sprfl_day,0.87
South,ngcc_N,sprfl_mrnevn,0.87
South,ngcc_N,sprfl_night,0.87
South,ngcc_N,wntr_day,0.87
South,ngcc_N,wntr_mrnevn,0.87
South,ngcc_N,wntr_night,0.87
South,ngcc_N,peak,0.87
South,ngcc_Nccs,sum_day,0.87
South,ngcc_Nccs,sum_mrnevn,0.87
South,ngcc_Nccs,sum_night,0.87
South,ngcc_Nccs,sprfl_day,0.87
South,ngcc_Nccs,sprfl_mrnevn,0.87
South,ngcc_Nccs,sprfl_night,0.87
South,ngcc_Nccs,wntr_day,0.87
South,ngcc_Nccs,wntr_mrnevn,0.87
South,ngcc_Nccs,wntr_night,0.87
South,ngcc_Nccs,peak,0.87
South,ngtb_N,sum_day,0.92
South,ngtb_N,sum_mrnevn,0.92
South,ngtb_N,sum_night,0.92
South,ngtb_N,sprfl_day,0.92
South,ngtb_N,sprfl_mrnevn,0.92
South,ngtb_N,sprfl_night,0.92
South,ngtb_N,wntr_day,0.92
South,ngtb_N,wntr_mrnevn,0.92
South,ngtb_N,wntr_night,0.92
South,ngtb_N,peak,0.92
South,nuc_N,sum_day,0.9
South,nuc_N,sum_mrnevn,0.9
South,nuc_N,sum_night,0.9
South,nuc_N,sprfl_day,0.9
South,nuc_N,sprfl_mrnevn,0.9
South,nuc_N,sprfl_night,0.9
South,nuc_N,wntr_day,0.9
South,nuc_N,wntr_mrnevn,0.9
South,nuc_N,wntr_night,0.9
South,nuc_N,peak,0.9
South,bio_N,sum_day,0.83
South,bio_N,sum_mrnevn,0.83
South,bio_N,sum_night,0.83
South,bio_N,sprfl_day,0.83
South,bio_N,sprfl_mrnevn,0.83
South,bio_N,sprfl_night,0.83
South,bio_N,wntr_day,0.83
South,bio_N,wntr_mrnevn,0.83
South,bio_N,wntr_night,0.83
South,bio_N,peak,0.83
South,lfg_N_hi,sum_day,0.9
South,lfg_N_hi,sum_mrnevn,0.9
South,lfg_N_hi,sum_night,0.9
South,lfg_N_hi,sprfl_day,0.9
South,lfg_N_hi,sprfl_mrnevn,0.9
South,lfg_N_hi,sprfl_night,0.9
South,lfg_N_hi,wntr_day,0.9
South,lfg_N_hi,wntr_mrnevn,0.9
South,lfg_N_hi,wntr_night,0.9
South,lfg_N_hi,peak,0.9
South,lfg_N_lo,sum_day,0.9
South,lfg_N_lo,sum_mrnevn,0.9
South,lfg_N_lo,sum_night,0.9
South,lfg_N_lo,sprfl_day,0.9
South,lfg_N_lo,sprfl_mrnevn,0.9
South,lfg_N_lo,sprfl_night,0.9
South,lfg_N_lo,wntr_day,0.9
South,lfg_N_lo,wntr_mrnevn,0.9
South,lfg_N_lo,wntr_night,0.9
South,lfg_N_lo,peak,0.9
South,lfg_N_vl,sum_day,0.9
South,lfg_N_vl,sum_mrnevn,0.9
South,lfg_N_vl,sum_night,0.9
South,lfg_N_vl,sprfl_day,0.9
South,lfg_N_vl,sprfl_mrnevn,0.9
South,lfg_N_vl,sprfl_night,0.9
South,lfg_N_vl,wntr_day,0.9
South,lfg_N_vl,wntr_mrnevn,0.9
South,lfg_N_vl,wntr_night,0.9
South,lfg_N_vl,peak,0.9
South,fc_N,sum_day,0.9
South,fc_N,sum_mrnevn,0.9
South,fc_N,sum_night,0.9
South,fc_N,sprfl_day,0.9
South,fc_N,sprfl_mrnevn,0.9
South,fc_N,sprfl_night,0.9
South,fc_N,wntr_day,0.9
South,fc_N,wntr_mrnevn,0.9
South,fc_N,wntr_night,0.9
South,fc_N,peak,0.9
South,geo_N_1,sum_day,0.87
South,geo_N_1,sum_mrnevn,0.87
South,geo_N_1,sum_night,0.87
South,geo_N_1,sprfl_day,0.87
South,geo_N_1,sprfl_mrnevn,0.87
South,geo_N_1,sprfl_night,0.87
South,geo_N_1,wntr_day,0.87
South,geo_N_1,wntr_mrnevn,0.87
South,geo_N_1,wntr_night,0.87
South,geo_N_1,peak,0.87
South,geo_N_2,sum_day,0.87
South,geo_N_2,sum_mrnevn,0.87
South,geo_N_2,sum_night,0.87
South,geo_N_2,sprfl_day,0.87
South,geo_N_2,sprfl_mrnevn,0.87
South,geo_N_2,sprfl_night,0.87
South,geo_N_2,wntr_day,0.87
South,geo_N_2,wntr_mrnevn,0.87
South,geo_N_2,wntr_night,0.87
South,geo_N_2,peak,0.87
South,geo_N_3,sum_day,0.87
South,geo_N_3,sum_mrnevn,0.87
South,geo_N_3,sum_night,0.87
South,geo_N_3,sprfl_day,0.87
South,geo_N_3,sprfl_mrnevn,0.87
South,geo_N_3,sprfl_night,0.87
South,geo_N_3,wntr_day,0.87
South,geo_N_3,wntr_mrnevn,0.87
South,geo_N_3,wntr_night,0.87
South,geo_N_3,peak,0.87
South,geo_N_4,sum_day,0.87
South,geo_N_4,sum_mrnevn,0.87
South,geo_N_4,sum_night,0.87
South,geo_N_4,sprfl_day,0.87
South,geo_N_4,sprfl_mrnevn,0.87
South,geo_N_4,sprfl_night,0.87
South,geo_N_4,wntr_day,0.87
South,geo_N_4,wntr_mrnevn,0.87
South,geo_N_4,wntr_night,0.87
South,geo_N_4,peak,0.87
South,geo_N_5,sum_day,0.87
South,geo_N_5,sum_mrnevn,0.87
South,geo_N_5,sum_night,0.87
South,geo_N_5,sprfl_day,0.87
South,geo_N_5,sprfl_mrnevn,0.87
South,geo_N_5,sprfl_night,0.87
South,geo_N_5,wntr_day,0.87
South,geo_N_5,wntr_mrnevn,0.87
South,geo_N_5,wntr_night,0.87
South,geo_N_5,peak,0.87
South,geo_N_6,sum_day,0.87
South,geo_N_6,sum_mrnevn,0.87
South,geo_N_6,sum_night,0.87
South,geo_N_6,sprfl_day,0.87
South,geo_N_6,sprfl_mrnevn,0.87
South,geo_N_6,sprfl_night,0.87
South,geo_N_6,wntr_day,0.87
South,geo_N_6,wntr_mrnevn,0.87
South,geo_N_6,wntr_night,0.87
South,geo_N_6,peak,0.87
South,geo_N_7,sum_day,0.87
South,geo_N_7,sum_mrnevn,0.87
South,geo_N_7,sum_night,0.87
South,geo_N_7,sprfl_day,0.87
South,geo_N_7,sprfl_mrnevn,0.87
South,geo_N_7,sprfl_night,0.87
South,geo_N_7,wntr_day,0.87
South,geo_N_7,wntr_mrnevn,0.87
South,geo_N_7,wntr_night,0.87
South,geo_N_7,peak,0.87
South,geo_N_8,sum_day,0.87
South,geo_N_8,sum_mrnevn,0.87
South,geo_N_8,sum_night,0.87
South,geo_N_8,sprfl_day,0.87
South,geo_N_8,sprfl_mrnevn,0.87
South,geo_N_8,sprfl_night,0.87
South,geo_N_8,wntr_day,0.87
South,geo_N_8,wntr_mrnevn,0.87
South,geo_N_8,wntr_night,0.87
South,geo_N_8,peak,0.87
South,geo_N_9,sum_day,0.87
South,geo_N_9,sum_mrnevn,0.87
South,geo_N_9,sum_night,0.87
South,geo_N_9,sprfl_day,0.87
South,geo_N_9,sprfl_mrnevn,0.87
South,geo_N_9,sprfl_night,0.87
South,geo_N_9,wntr_day,0.87
South,geo_N_9,wntr_mrnevn,0.87
South,geo_N_9,wntr_night,0.87
South,geo_N_9,peak,0.87
South,geo_N_10,sum_day,0.87
South,geo_N_10,sum_mrnevn,0.87
South,geo_N_10,sum_night,0.87
South,geo_N_10,sprfl_day,0.87
South,geo_N_10,sprfl_mrnevn,0.87
South,geo_N_10,sprfl_night,0.87
South,geo_N_10,wntr_day,0.87
South,geo_N_10,wntr_mrnevn,0.87
South,geo_N_10,wntr_night,0.87
South,geo_N_10,peak,0.87
South,slrPV_N,sum_day,0.501071429
South,slrPV_N,sum_mrnevn,0.010678571
South,slrPV_N,sprfl_day,0.580778897
South,slrPV_N,sprfl_mrnevn,0.17695357
South,slrPV_N,wntr_day,0.580778897
South,slrPV_N,wntr_mrnevn,0.17695357
South,slrPV_N,peak,0.501071429
South,wnd_Nonsh_3,sum_day,0.409657509
South,wnd_Nonsh_3,sum_mrnevn,0.398791531
South,wnd_Nonsh_3,sum_night,0.40124907
South,wnd_Nonsh_3,sprfl_day,0.253712959
South,wnd_Nonsh_3,sprfl_mrnevn,0.281195251
South,wnd_Nonsh_3,sprfl_night,0.295128074
South,wnd_Nonsh_3,wntr_day,0.253712959
South,wnd_Nonsh_3,wntr_mrnevn,0.281195251
South,wnd_Nonsh_3,wntr_night,0.295128074
South,wnd_Nonsh_3,peak,0.409657509
South,wnd_Nshal_3,sum_day,0.375123165
South,wnd_Nshal_3,sum_mrnevn,0.365173195
South,wnd_Nshal_3,sum_night,0.367423562
South,wnd_Nshal_3,sprfl_day,0.232324823
South,wnd_Nshal_3,sprfl_mrnevn,0.257490343
South,wnd_Nshal_3,sprfl_night,0.270248622
South,wnd_Nshal_3,wntr_day,0.232324823
South,wnd_Nshal_3,wntr_mrnevn,0.257490343
South,wnd_Nshal_3,wntr_night,0.270248622
South,wnd_Nshal_3,peak,0.375123165
South,wnd_Nshal_4,sum_day,0.352588384
South,wnd_Nshal_4,sum_mrnevn,0.368332395
South,wnd_Nshal_4,sum_night,0.405738034
South,wnd_Nshal_4,sprfl_day,0.300975622
South,wnd_Nshal_4,sprfl_mrnevn,0.341067786
South,wnd_Nshal_4,sprfl_night,0.371873285
South,wnd_Nshal_4,wntr_day,0.300975622
South,wnd_Nshal_4,wntr_mrnevn,0.341067786
South,wnd_Nshal_4,wntr_night,0.371873285
South,wnd_Nshal_4,peak,0.352588384
South,wnd_Ndeep_3,sum_day,0.485307549
South,wnd_Ndeep_3,sum_mrnevn,0.472434989
South,wnd_Ndeep_3,sum_night,0.475346353
South,wnd_Ndeep_3,sprfl_day,0.300565257
South,wnd_Ndeep_3,sprfl_mrnevn,0.333122609
South,wnd_Ndeep_3,sprfl_night,0.349628359
South,wnd_Ndeep_3,wntr_day,0.300565257
South,wnd_Ndeep_3,wntr_mrnevn,0.333122609
South,wnd_Ndeep_3,wntr_night,0.349628359
South,wnd_Ndeep_3,peak,0.485307549
South,wnd_Ndeep_4,sum_day,0.394479358
South,wnd_Ndeep_4,sum_mrnevn,0.412093912
South,wnd_Ndeep_4,sum_night,0.453943709
South,wnd_Ndeep_4,sprfl_day,0.33673449
South,wnd_Ndeep_4,sprfl_mrnevn,0.381589999
South,wnd_Ndeep_4,sprfl_night,0.416055494
South,wnd_Ndeep_4,wntr_day,0.33673449
South,wnd_Ndeep_4,wntr_mrnevn,0.381589999
South,wnd_Ndeep_4,wntr_night,0.416055494
South,wnd_Ndeep_4,peak,0.394479358
South,wnd_Ndeep_5,sum_day,0.315985266
South,wnd_Ndeep_5,sum_mrnevn,0.365896775
South,wnd_Ndeep_5,sum_night,0.395966837
South,wnd_Ndeep_5,sprfl_day,0.365896775
South,wnd_Ndeep_5,sprfl_mrnevn,0.416094183
South,wnd_Ndeep_5,sprfl_night,0.456155344
South,wnd_Ndeep_5,wntr_day,0.365896775
South,wnd_Ndeep_5,wntr_mrnevn,0.416094183
South,wnd_Ndeep_5,wntr_night,0.456155344
South,wnd_Ndeep_5,peak,0.315985266
South,wnd_X,sum_day,0.38038953
South,wnd_X,sum_mrnevn,0.440474025
South,wnd_X,sum_night,0.476672982
South,wnd_X,sprfl_day,0.440474025
South,wnd_X,sprfl_mrnevn,0.500902693
South,wnd_X,sprfl_night,0.549129139
South,wnd_X,wntr_day,0.440474025
South,wnd_X,wntr_mrnevn,0.500902693
South,wnd_X,wntr_night,0.549129139
South,wnd_X,peak,0.38038953
South,ps_X,sum_day,0.926376239
South,ps_X,sum_mrnevn,0.926376239
South,ps_X,sum_night,0.926376239
South,ps_X,sprfl_day,0.875452532
South,ps_X,sprfl_mrnevn,0.875452532
South,ps_X,sprfl_night,0.875452532
South,ps_X,wntr_day,0.875452532
South,ps_X,wntr_mrnevn,0.875452532
South,ps_X,wntr_night,0.875452532
South,ps_X,peak,0.926376239
South,wnd_Nonsh_4,sum_day,0.375388307
South,wnd_Nonsh_4,sum_mrnevn,0.392150394
South,wnd_Nonsh_4,sum_night,0.431974847
South,wnd_Nonsh_4,sprfl_day,0.320438034
South,wnd_Nonsh_4,sprfl_mrnevn,0.363122736
South,wnd_Nonsh_4,sprfl_night,0.395920254
South,wnd_Nonsh_4,wntr_day,0.320438034
South,wnd_Nonsh_4,wntr_mrnevn,0.363122736
South,wnd_Nonsh_4,wntr_night,0.395920254
South,wnd_Nonsh_4,peak,0.375388307
South,wnd_Nonsh_5,sum_day,0.38038953
South,wnd_Nonsh_5,sum_mrnevn,0.440474025
South,wnd_Nonsh_5,sum_night,0.476672982
South,wnd_Nonsh_5,sprfl_day,0.440474025
South,wnd_Nonsh_5,sprfl_mrnevn,0.500902693
South,wnd_Nonsh_5,sprfl_night,0.549129139
South,wnd_Nonsh_5,wntr_day,0.440474025
South,wnd_Nonsh_5,wntr_mrnevn,0.500902693
South,wnd_Nonsh_5,wntr_night,0.549129139
South,wnd_Nonsh_5,peak,0.38038953
South,wnd_Nonsh_6,sum_day,0.516527736
South,wnd_Nonsh_6,sum_mrnevn,0.55747262
South,wnd_Nonsh_6,sum_night,0.610239336
South,wnd_Nonsh_6,sprfl_day,0.437008859
South,wnd_Nonsh_6,sprfl_mrnevn,0.490636119
South,wnd_Nonsh_6,sprfl_night,0.539147778
South,wnd_Nonsh_6,wntr_day,0.437008859
South,wnd_Nonsh_6,wntr_mrnevn,0.490636119
South,wnd_Nonsh_6,wntr_night,0.539147778
South,wnd_Nonsh_6,peak,0.516527736
South,wnd_Nonsh_7,sum_day,0.416802886
South,wnd_Nonsh_7,sum_mrnevn,0.501324674
South,wnd_Nonsh_7,sum_night,0.568808514
South,wnd_Nonsh_7,sprfl_day,0.576353818
South,wnd_Nonsh_7,sprfl_mrnevn,0.642982164
South,wnd_Nonsh_7,sprfl_night,0.698576434
South,wnd_Nonsh_7,wntr_day,0.576353818
South,wnd_Nonsh_7,wntr_mrnevn,0.642982164
South,wnd_Nonsh_7,wntr_night,0.698576434
South,wnd_Nonsh_7,peak,0.416802886
South,wnd_Nshal_5,sum_day,0.336370986
South,wnd_Nshal_5,sum_mrnevn,0.389502525
South,wnd_Nshal_5,sum_night,0.42151255
South,wnd_Nshal_5,sprfl_day,0.389502525
South,wnd_Nshal_5,sprfl_mrnevn,0.442938408
South,wnd_Nshal_5,sprfl_night,0.485584106
South,wnd_Nshal_5,wntr_day,0.389502525
South,wnd_Nshal_5,wntr_mrnevn,0.442938408
South,wnd_Nshal_5,wntr_night,0.485584106
South,wnd_Nshal_5,peak,0.336370986
South,wnd_Nshal_6,sum_day,0.602363732
South,wnd_Nshal_6,sum_mrnevn,0.65011279
South,wnd_Nshal_6,sum_night,0.711648219
South,wnd_Nshal_6,sprfl_day,0.509630497
South,wnd_Nshal_6,sprfl_mrnevn,0.572169475
South,wnd_Nshal_6,sprfl_night,0.628742746
South,wnd_Nshal_6,wntr_day,0.509630497
South,wnd_Nshal_6,wntr_mrnevn,0.572169475
South,wnd_Nshal_6,wntr_night,0.628742746
South,wnd_Nshal_6,peak,0.602363732
South,wnd_Ndeep_6,sum_day,0.626114818
South,wnd_Ndeep_6,sum_mrnevn,0.675746612
South,wnd_Ndeep_6,sum_night,0.73970837
South,wnd_Ndeep_6,sprfl_day,0.529725129
South,wnd_Ndeep_6,sprfl_mrnevn,0.594730006
South,wnd_Ndeep_6,sprfl_night,0.653533951
South,wnd_Ndeep_6,wntr_day,0.529725129
South,wnd_Ndeep_6,wntr_mrnevn,0.594730006
South,wnd_Ndeep_6,wntr_night,0.653533951
South,wnd_Ndeep_6,peak,0.626114818
South,ngtb_X3,sum_day,0.922
South,ngtb_X3,sum_mrnevn,0.922
South,ngtb_X3,sum_night,0.922
South,ngtb_X3,sprfl_day,0.898
South,ngtb_X3,sprfl_mrnevn,0.898
South,ngtb_X3,sprfl_night,0.898
South,ngtb_X3,wntr_day,0.898
South,ngtb_X3,wntr_mrnevn,0.898
South,ngtb_X3,wntr_night,0.898
South,ngtb_X3,peak,0.922
South,slr_X,sum_day,0.599760192
South,slr_X,sum_mrnevn,0.236572076
South,slr_X,sum_night,0.007497003
South,slr_X,sprfl_day,0.480623848
South,slr_X,sprfl_mrnevn,0.23634974
South,slr_X,sprfl_night,0.002399121
South,slr_X,wntr_day,0.480623848
South,slr_X,wntr_mrnevn,0.23634974
South,slr_X,wntr_night,0.002399121
South,slr_X,peak,0.599760192
South,slrCSP_N,sum_day,0.599760192
South,slrCSP_N,sum_mrnevn,0.236572076
South,slrCSP_N,sum_night,0.007497003
South,slrCSP_N,sprfl_day,0.480623848
South,slrCSP_N,sprfl_mrnevn,0.23634974
South,slrCSP_N,sprfl_night,0.002399121
South,slrCSP_N,wntr_day,0.480623848
South,slrCSP_N,wntr_mrnevn,0.23634974
South,slrCSP_N,wntr_night,0.002399121
South,slrCSP_N,peak,0.599760192
West,col_X1,sum_day,0.89866849
West,col_X1,sum_mrnevn,0.89866849
West,col_X1,sum_night,0.89866849
West,col_X1,sprfl_day,0.834592549
West,col_X1,sprfl_mrnevn,0.834592549
West,col_X1,sprfl_night,0.834592549
West,col_X1,wntr_day,0.834592549
West,col_X1,wntr_mrnevn,0.834592549
West,col_X1,wntr_night,0.834592549
West,col_X1,peak,0.89866849
West,col_X2,sum_day,0.867023257
West,col_X2,sum_mrnevn,0.867023257
West,col_X2,sum_night,0.867023257
West,col_X2,sprfl_day,0.811051946
West,col_X2,sprfl_mrnevn,0.811051946
West,col_X2,sprfl_night,0.811051946
West,col_X2,wntr_day,0.811051946
West,col_X2,wntr_mrnevn,0.811051946
West,col_X2,wntr_night,0.811051946
West,col_X2,peak,0.867023257
West,col_X3,sum_day,0.875314455
West,col_X3,sum_mrnevn,0.875314455
West,col_X3,sum_night,0.875314455
West,col_X3,sprfl_day,0.815943345
West,col_X3,sprfl_mrnevn,0.815943345
West,col_X3,sprfl_night,0.815943345
West,col_X3,wntr_day,0.815943345
West,col_X3,wntr_mrnevn,0.815943345
West,col_X3,wntr_night,0.815943345
West,col_X3,peak,0.875314455
West,ngcc_X1,sum_day,0.878881398
West,ngcc_X1,sum_mrnevn,0.878881398
West,ngcc_X1,sum_night,0.878881398
West,ngcc_X1,sprfl_day,0.822824233
West,ngcc_X1,sprfl_mrnevn,0.822824233
West,ngcc_X1,sprfl_night,0.822824233
West,ngcc_X1,wntr_day,0.822824233
West,ngcc_X1,wntr_mrnevn,0.822824233
West,ngcc_X1,wntr_night,0.822824233
West,ngcc_X1,peak,0.878881398
West,ngcc_X2,sum_day,0.88
West,ngcc_X2,sum_mrnevn,0.88
West,ngcc_X2,sum_night,0.88
West,ngcc_X2,sprfl_day,0.822
West,ngcc_X2,sprfl_mrnevn,0.822
West,ngcc_X2,sprfl_night,0.822
West,ngcc_X2,wntr_day,0.822
West,ngcc_X2,wntr_mrnevn,0.822
West,ngcc_X2,wntr_night,0.822
West,ngcc_X2,peak,0.88
West,ngcc_X3,sum_day,0.879812298
West,ngcc_X3,sum_mrnevn,0.879812298
West,ngcc_X3,sum_night,0.879812298
West,ngcc_X3,sprfl_day,0.822138307
West,ngcc_X3,sprfl_mrnevn,0.822138307
West,ngcc_X3,sprfl_night,0.822138307
West,ngcc_X3,wntr_day,0.822138307
West,ngcc_X3,wntr_mrnevn,0.822138307
West,ngcc_X3,wntr_night,0.822138307
West,ngcc_X3,peak,0.879812298
West,ngtb_X1,sum_day,0.910344141
West,ngtb_X1,sum_mrnevn,0.910344141
West,ngtb_X1,sum_night,0.910344141
West,ngtb_X1,sprfl_day,0.894021177
West,ngtb_X1,sprfl_mrnevn,0.894021177
West,ngtb_X1,sprfl_night,0.894021177
West,ngtb_X1,wntr_day,0.894021177
West,ngtb_X1,wntr_mrnevn,0.894021177
West,ngtb_X1,wntr_night,0.894021177
West,ngtb_X1,peak,0.910344141
West,ngtb_X2,sum_day,0.913811196
West,ngtb_X2,sum_mrnevn,0.913811196
West,ngtb_X2,sum_night,0.913811196
West,ngtb_X2,sprfl_day,0.896176353
West,ngtb_X2,sprfl_mrnevn,0.896176353
West,ngtb_X2,sprfl_night,0.896176353
West,ngtb_X2,wntr_day,0.896176353
West,ngtb_X2,wntr_mrnevn,0.896176353
West,ngtb_X2,wntr_night,0.896176353
West,ngtb_X2,peak,0.913811196
West,ngtb_X3,sum_day,0.917079689
West,ngtb_X3,sum_mrnevn,0.917079689
West,ngtb_X3,sum_night,0.917079689
West,ngtb_X3,sprfl_day,0.895891295
West,ngtb_X3,sprfl_mrnevn,0.895891295
West,ngtb_X3,sprfl_night,0.895891295
West,ngtb_X3,wntr_day,0.895891295
West,ngtb_X3,wntr_mrnevn,0.895891295
West,ngtb_X3,wntr_night,0.895891295
West,ngtb_X3,peak,0.917079689
West,stog_X1,sum_day,0.874963642
West,stog_X1,sum_mrnevn,0.874963642
West,stog_X1,sum_night,0.874963642
West,stog_X1,sprfl_day,0.803946518
West,stog_X1,sprfl_mrnevn,0.803946518
West,stog_X1,sprfl_night,0.803946518
West,stog_X1,wntr_day,0.803946518
West,stog_X1,wntr_mrnevn,0.803946518
West,stog_X1,wntr_night,0.803946518
West,stog_X1,peak,0.874963642
West,stog_X2,sum_day,0.889628644
West,stog_X2,sum_mrnevn,0.889628644
West,stog_X2,sum_night,0.889628644
West,stog_X2,sprfl_day,0.829344565
West,stog_X2,sprfl_mrnevn,0.829344565
West,stog_X2,sprfl_night,0.829344565
West,stog_X2,wntr_day,0.829344565
West,stog_X2,wntr_mrnevn,0.829344565
West,stog_X2,wntr_night,0.829344565
West,stog_X2,peak,0.889628644
West,stog_X3,sum_day,0.903503359
West,stog_X3,sum_mrnevn,0.903503359
West,stog_X3,sum_night,0.903503359
West,stog_X3,sprfl_day,0.853968399
West,stog_X3,sprfl_mrnevn,0.853968399
West,stog_X3,sprfl_night,0.853968399
West,stog_X3,wntr_day,0.853968399
West,stog_X3,wntr_mrnevn,0.853968399
West,stog_X3,wntr_night,0.853968399
West,stog_X3,peak,0.903503359
West,nuc_X,sum_day,0.938
West,nuc_X,sum_mrnevn,0.938
West,nuc_X,sum_night,0.938
West,nuc_X,sprfl_day,0.873
West,nuc_X,sprfl_mrnevn,0.873
West,nuc_X,sprfl_night,0.873
West,nuc_X,wntr_day,0.873
West,nuc_X,wntr_mrnevn,0.873
West,nuc_X,wntr_night,0.873
West,nuc_X,peak,0.938
West,hyd_X,sum_day,0.44
West,hyd_X,sum_mrnevn,0.44
West,hyd_X,sum_night,0.44
West,hyd_X,sprfl_day,0.369004268
West,hyd_X,sprfl_mrnevn,0.369004268
West,hyd_X,sprfl_night,0.369004268
West,hyd_X,wntr_day,0.369004268
West,hyd_X,wntr_mrnevn,0.369004268
West,hyd_X,wntr_night,0.369004268
West,hyd_X,peak,0.44
West,geo_X,sum_day,0.91
West,geo_X,sum_mrnevn,0.91
West,geo_X,sum_night,0.91
West,geo_X,sprfl_day,0.843
West,geo_X,sprfl_mrnevn,0.843
West,geo_X,sprfl_night,0.843
West,geo_X,wntr_day,0.843
West,geo_X,wntr_mrnevn,0.843
West,geo_X,wntr_night,0.843
West,geo_X,peak,0.91
West,bio_X,sum_day,0.83
West,bio_X,sum_mrnevn,0.83
West,bio_X,sum_night,0.83
West,bio_X,sprfl_day,0.83
West,bio_X,sprfl_mrnevn,0.83
West,bio_X,sprfl_night,0.83
West,bio_X,wntr_day,0.83
West,bio_X,wntr_mrnevn,0.83
West,bio_X,wntr_night,0.83
West,bio_X,peak,0.83
West,lfg_X,sum_day,0.9
West,lfg_X,sum_mrnevn,0.9
West,lfg_X,sum_night,0.9
West,lfg_X,sprfl_day,0.9
West,lfg_X,sprfl_mrnevn,0.9
West,lfg_X,sprfl_night,0.9
West,lfg_X,wntr_day,0.9
West,lfg_X,wntr_mrnevn,0.9
West,lfg_X,wntr_night,0.9
West,lfg_X,peak,0.9
West,slr_X,sum_day,0.719780785
West,slr_X,sum_mrnevn,0.283913532
West,slr_X,sum_night,0.00899726
West,slr_X,sprfl_day,0.599206757
West,slr_X,sprfl_mrnevn,0.294663616
West,slr_X,sprfl_night,0.002991049
West,slr_X,wntr_day,0.599206757
West,slr_X,wntr_mrnevn,0.294663616
West,slr_X,wntr_night,0.002991049
West,slr_X,peak,0.719780785
West,wnd_X,sum_day,0.355597631
West,wnd_X,sum_mrnevn,0.411766119
West,wnd_X,sum_night,0.445605807
West,wnd_X,sprfl_day,0.411766119
West,wnd_X,sprfl_mrnevn,0.468256347
West,wnd_X,sprfl_night,0.513339632
West,wnd_X,wntr_day,0.411766119
West,wnd_X,wntr_mrnevn,0.468256347
West,wnd_X,wntr_night,0.513339632
West,wnd_X,peak,0.355597631
West,oth_X,sum_day,0.9
West,oth_X,sum_mrnevn,0.9
West,oth_X,sum_night,0.9
West,oth_X,sprfl_day,0.9
West,oth_X,sprfl_mrnevn,0.9
West,oth_X,sprfl_night,0.9
West,oth_X,wntr_day,0.9
West,oth_X,wntr_mrnevn,0.9
West,oth_X,wntr_night,0.9
West,oth_X,peak,0.9
West,ps_X,sum_day,0.927
West,ps_X,sum_mrnevn,0.927
West,ps_X,sum_night,0.927
West,ps_X,sprfl_day,0.875
West,ps_X,sprfl_mrnevn,0.875
West,ps_X,sprfl_night,0.875
West,ps_X,wntr_day,0.875
West,ps_X,wntr_mrnevn,0.875
West,ps_X,wntr_night,0.875
West,ps_X,peak,0.927
West,col_N,sum_day,0.85
West,col_N,sum_mrnevn,0.85
West,col_N,sum_night,0.85
West,col_N,sprfl_day,0.85
West,col_N,sprfl_mrnevn,0.85
West,col_N,sprfl_night,0.85
West,col_N,wntr_day,0.85
West,col_N,wntr_mrnevn,0.85
West,col_N,wntr_night,0.85
West,col_N,peak,0.85
West,col_Nccs,sum_day,0.85
West,col_Nccs,sum_mrnevn,0.85
West,col_Nccs,sum_night,0.85
West,col_Nccs,sprfl_day,0.85
West,col_Nccs,sprfl_mrnevn,0.85
West,col_Nccs,sprfl_night,0.85
West,col_Nccs,wntr_day,0.85
West,col_Nccs,wntr_mrnevn,0.85
West,col_Nccs,wntr_night,0.85
West,col_Nccs,peak,0.85
West,ngcc_N,sum_day,0.87
West,ngcc_N,sum_mrnevn,0.87
West,ngcc_N,sum_night,0.87
West,ngcc_N,sprfl_day,0.87
West,ngcc_N,sprfl_mrnevn,0.87
West,ngcc_N,sprfl_night,0.87
West,ngcc_N,wntr_day,0.87
West,ngcc_N,wntr_mrnevn,0.87
West,ngcc_N,wntr_night,0.87
West,ngcc_N,peak,0.87
West,ngcc_Nccs,sum_day,0.87
West,ngcc_Nccs,sum_mrnevn,0.87
West,ngcc_Nccs,sum_night,0.87
West,ngcc_Nccs,sprfl_day,0.87
West,ngcc_Nccs,sprfl_mrnevn,0.87
West,ngcc_Nccs,sprfl_night,0.87
West,ngcc_Nccs,wntr_day,0.87
West,ngcc_Nccs,wntr_mrnevn,0.87
West,ngcc_Nccs,wntr_night,0.87
West,ngcc_Nccs,peak,0.87
West,ngtb_N,sum_day,0.92
West,ngtb_N,sum_mrnevn,0.92
West,ngtb_N,sum_night,0.92
West,ngtb_N,sprfl_day,0.92
West,ngtb_N,sprfl_mrnevn,0.92
West,ngtb_N,sprfl_night,0.92
West,ngtb_N,wntr_day,0.92
West,ngtb_N,wntr_mrnevn,0.92
West,ngtb_N,wntr_night,0.92
West,ngtb_N,peak,0.92
West,nuc_N,sum_day,0.9
West,nuc_N,sum_mrnevn,0.9
West,nuc_N,sum_night,0.9
West,nuc_N,sprfl_day,0.9
West,nuc_N,sprfl_mrnevn,0.9
West,nuc_N,sprfl_night,0.9
West,nuc_N,wntr_day,0.9
West,nuc_N,wntr_mrnevn,0.9
West,nuc_N,wntr_night,0.9
West,nuc_N,peak,0.9
West,bio_N,sum_day,0.83
West,bio_N,sum_mrnevn,0.83
West,bio_N,sum_night,0.83
West,bio_N,sprfl_day,0.83
West,bio_N,sprfl_mrnevn,0.83
West,bio_N,sprfl_night,0.83
West,bio_N,wntr_day,0.83
West,bio_N,wntr_mrnevn,0.83
West,bio_N,wntr_night,0.83
West,bio_N,peak,0.83
West,lfg_N_hi,sum_day,0.9
West,lfg_N_hi,sum_mrnevn,0.9
West,lfg_N_hi,sum_night,0.9
West,lfg_N_hi,sprfl_day,0.9
West,lfg_N_hi,sprfl_mrnevn,0.9
West,lfg_N_hi,sprfl_night,0.9
West,lfg_N_hi,wntr_day,0.9
West,lfg_N_hi,wntr_mrnevn,0.9
West,lfg_N_hi,wntr_night,0.9
West,lfg_N_hi,peak,0.9
West,lfg_N_lo,sum_day,0.9
West,lfg_N_lo,sum_mrnevn,0.9
West,lfg_N_lo,sum_night,0.9
West,lfg_N_lo,sprfl_day,0.9
West,lfg_N_lo,sprfl_mrnevn,0.9
West,lfg_N_lo,sprfl_night,0.9
West,lfg_N_lo,wntr_day,0.9
West,lfg_N_lo,wntr_mrnevn,0.9
West,lfg_N_lo,wntr_night,0.9
West,lfg_N_lo,peak,0.9
West,lfg_N_vl,sum_day,0.9
West,lfg_N_vl,sum_mrnevn,0.9
West,lfg_N_vl,sum_night,0.9
West,lfg_N_vl,sprfl_day,0.9
West,lfg_N_vl,sprfl_mrnevn,0.9
West,lfg_N_vl,sprfl_night,0.9
West,lfg_N_vl,wntr_day,0.9
West,lfg_N_vl,wntr_mrnevn,0.9
West,lfg_N_vl,wntr_night,0.9
West,lfg_N_vl,peak,0.9
West,fc_N,sum_day,0.9
West,fc_N,sum_mrnevn,0.9
West,fc_N,sum_night,0.9
West,fc_N,sprfl_day,0.9
West,fc_N,sprfl_mrnevn,0.9
West,fc_N,sprfl_night,0.9
West,fc_N,wntr_day,0.9
West,fc_N,wntr_mrnevn,0.9
West,fc_N,wntr_night,0.9
West,fc_N,peak,0.9
West,geo_N_1,sum_day,0.87
West,geo_N_1,sum_mrnevn,0.87
West,geo_N_1,sum_night,0.87
West,geo_N_1,sprfl_day,0.87
West,geo_N_1,sprfl_mrnevn,0.87
West,geo_N_1,sprfl_night,0.87
West,geo_N_1,wntr_day,0.87
West,geo_N_1,wntr_mrnevn,0.87
West,geo_N_1,wntr_night,0.87
West,geo_N_1,peak,0.87
West,geo_N_2,sum_day,0.87
West,geo_N_2,sum_mrnevn,0.87
West,geo_N_2,sum_night,0.87
West,geo_N_2,sprfl_day,0.87
West,geo_N_2,sprfl_mrnevn,0.87
West,geo_N_2,sprfl_night,0.87
West,geo_N_2,wntr_day,0.87
West,geo_N_2,wntr_mrnevn,0.87
West,geo_N_2,wntr_night,0.87
West,geo_N_2,peak,0.87
West,geo_N_3,sum_day,0.87
West,geo_N_3,sum_mrnevn,0.87
West,geo_N_3,sum_night,0.87
West,geo_N_3,sprfl_day,0.87
West,geo_N_3,sprfl_mrnevn,0.87
West,geo_N_3,sprfl_night,0.87
West,geo_N_3,wntr_day,0.87
West,geo_N_3,wntr_mrnevn,0.87
West,geo_N_3,wntr_night,0.87
West,geo_N_3,peak,0.87
West,geo_N_4,sum_day,0.87
West,geo_N_4,sum_mrnevn,0.87
West,geo_N_4,sum_night,0.87
West,geo_N_4,sprfl_day,0.87
West,geo_N_4,sprfl_mrnevn,0.87
West,geo_N_4,sprfl_night,0.87
West,geo_N_4,wntr_day,0.87
West,geo_N_4,wntr_mrnevn,0.87
West,geo_N_4,wntr_night,0.87
West,geo_N_4,peak,0.87
West,geo_N_5,sum_day,0.87
West,geo_N_5,sum_mrnevn,0.87
West,geo_N_5,sum_night,0.87
West,geo_N_5,sprfl_day,0.87
West,geo_N_5,sprfl_mrnevn,0.87
West,geo_N_5,sprfl_night,0.87
West,geo_N_5,wntr_day,0.87
West,geo_N_5,wntr_mrnevn,0.87
West,geo_N_5,wntr_night,0.87
West,geo_N_5,peak,0.87
West,geo_N_6,sum_day,0.87
West,geo_N_6,sum_mrnevn,0.87
West,geo_N_6,sum_night,0.87
West,geo_N_6,sprfl_day,0.87
West,geo_N_6,sprfl_mrnevn,0.87
West,geo_N_6,sprfl_night,0.87
West,geo_N_6,wntr_day,0.87
West,geo_N_6,wntr_mrnevn,0.87
West,geo_N_6,wntr_night,0.87
West,geo_N_6,peak,0.87
West,geo_N_7,sum_day,0.87
West,geo_N_7,sum_mrnevn,0.87
West,geo_N_7,sum_night,0.87
West,geo_N_7,sprfl_day,0.87
West,geo_N_7,sprfl_mrnevn,0.87
West,geo_N_7,sprfl_night,0.87
West,geo_N_7,wntr_day,0.87
West,geo_N_7,wntr_mrnevn,0.87
West,geo_N_7,wntr_night,0.87
West,geo_N_7,peak,0.87
West,geo_N_8,sum_day,0.87
West,geo_N_8,sum_mrnevn,0.87
West,geo_N_8,sum_night,0.87
West,geo_N_8,sprfl_day,0.87
West,geo_N_8,sprfl_mrnevn,0.87
West,geo_N_8,sprfl_night,0.87
West,geo_N_8,wntr_day,0.87
West,geo_N_8,wntr_mrnevn,0.87
West,geo_N_8,wntr_night,0.87
West,geo_N_8,peak,0.87
West,geo_N_9,sum_day,0.87
West,geo_N_9,sum_mrnevn,0.87
West,geo_N_9,sum_night,0.87
West,geo_N_9,sprfl_day,0.87
West,geo_N_9,sprfl_mrnevn,0.87
West,geo_N_9,sprfl_night,0.87
West,geo_N_9,wntr_day,0.87
West,geo_N_9,wntr_mrnevn,0.87
West,geo_N_9,wntr_night,0.87
West,geo_N_9,peak,0.87
West,geo_N_10,sum_day,0.87
West,geo_N_10,sum_mrnevn,0.87
West,geo_N_10,sum_night,0.87
West,geo_N_10,sprfl_day,0.87
West,geo_N_10,sprfl_mrnevn,0.87
West,geo_N_10,sprfl_night,0.87
West,geo_N_10,wntr_day,0.87
West,geo_N_10,wntr_mrnevn,0.87
West,geo_N_10,wntr_night,0.87
West,geo_N_10,peak,0.87
West,slrPV_N,sum_day,0.609164241
West,slrPV_N,sum_mrnevn,0.012982189
West,slrPV_N,sprfl_day,0.6072
West,slrPV_N,sprfl_mrnevn,0.185003636
West,slrPV_N,wntr_day,0.6072
West,slrPV_N,wntr_mrnevn,0.185003636
West,slrPV_N,peak,0.609164241
West,slrCSP_N,sum_day,0.719780785
West,slrCSP_N,sum_mrnevn,0.283913532
West,slrCSP_N,sum_night,0.00899726
West,slrCSP_N,sprfl_day,0.599206757
West,slrCSP_N,sprfl_mrnevn,0.294663616
West,slrCSP_N,sprfl_night,0.002991049
West,slrCSP_N,wntr_day,0.599206757
West,slrCSP_N,wntr_mrnevn,0.294663616
West,slrCSP_N,wntr_night,0.002991049
West,slrCSP_N,peak,0.719780785
West,wnd_Nonsh_3,sum_day,0.412918198
West,wnd_Nonsh_3,sum_mrnevn,0.401965732
West,wnd_Nonsh_3,sum_night,0.404442832
West,wnd_Nonsh_3,sprfl_day,0.2557324
West,wnd_Nonsh_3,sprfl_mrnevn,0.283433439
West,wnd_Nonsh_3,sprfl_night,0.297477161
West,wnd_Nonsh_3,wntr_day,0.2557324
West,wnd_Nonsh_3,wntr_mrnevn,0.283433439
West,wnd_Nonsh_3,wntr_night,0.297477161
West,wnd_Nonsh_3,peak,0.412918198
West,wnd_Nonsh_4,sum_day,0.363968313
West,wnd_Nonsh_4,sum_mrnevn,0.380220467
West,wnd_Nonsh_4,sum_night,0.418833388
West,wnd_Nonsh_4,sprfl_day,0.310689728
West,wnd_Nonsh_4,sprfl_mrnevn,0.352075883
West,wnd_Nonsh_4,sprfl_night,0.383875641
West,wnd_Nonsh_4,wntr_day,0.310689728
West,wnd_Nonsh_4,wntr_mrnevn,0.352075883
West,wnd_Nonsh_4,wntr_night,0.383875641
West,wnd_Nonsh_4,peak,0.363968313
West,wnd_Nonsh_5,sum_day,0.355597631
West,wnd_Nonsh_5,sum_mrnevn,0.411766119
West,wnd_Nonsh_5,sum_night,0.445605807
West,wnd_Nonsh_5,sprfl_day,0.411766119
West,wnd_Nonsh_5,sprfl_mrnevn,0.468256347
West,wnd_Nonsh_5,sprfl_night,0.513339632
West,wnd_Nonsh_5,wntr_day,0.411766119
West,wnd_Nonsh_5,wntr_mrnevn,0.468256347
West,wnd_Nonsh_5,wntr_night,0.513339632
West,wnd_Nonsh_5,peak,0.355597631
West,wnd_Nonsh_6,sum_day,0.487734207
West,wnd_Nonsh_6,sum_mrnevn,0.526396643
West,wnd_Nonsh_6,sum_night,0.576221909
West,wnd_Nonsh_6,sprfl_day,0.412648061
West,wnd_Nonsh_6,sprfl_mrnevn,0.463285902
West,wnd_Nonsh_6,sprfl_night,0.509093308
West,wnd_Nonsh_6,wntr_day,0.412648061
West,wnd_Nonsh_6,wntr_mrnevn,0.463285902
West,wnd_Nonsh_6,wntr_night,0.509093308
West,wnd_Nonsh_6,peak,0.487734207
West,wnd_Nonsh_7,sum_day,0.37939452
West,wnd_Nonsh_7,sum_mrnevn,0.456330415
West,wnd_Nonsh_7,sum_night,0.517757531
West,wnd_Nonsh_7,sprfl_day,0.524625638
West,wnd_Nonsh_7,sprfl_mrnevn,0.585274041
West,wnd_Nonsh_7,sprfl_night,0.635878685
West,wnd_Nonsh_7,wntr_day,0.524625638
West,wnd_Nonsh_7,wntr_mrnevn,0.585274041
West,wnd_Nonsh_7,wntr_night,0.635878685
West,wnd_Nonsh_7,peak,0.37939452
West,msw_X,sum_day,0.9
West,msw_X,sum_mrnevn,0.9
West,msw_X,sum_night,0.9
West,msw_X,sprfl_day,0.9
West,msw_X,sprfl_mrnevn,0.9
West,msw_X,sprfl_night,0.9
West,msw_X,wntr_day,0.9
West,msw_X,wntr_mrnevn,0.9
West,msw_X,wntr_night,0.9
West,msw_X,peak,0.9
West,wnd_Nshal_3,sum_day,0.330614416
West,wnd_Nshal_3,sum_mrnevn,0.32184502
West,wnd_Nshal_3,sum_night,0.323828379
West,wnd_Nshal_3,sprfl_day,0.204759244
West,wnd_Nshal_3,sprfl_mrnevn,0.22693885
West,wnd_Nshal_3,sprfl_night,0.238183346
West,wnd_Nshal_3,wntr_day,0.204759244
West,wnd_Nshal_3,wntr_mrnevn,0.22693885
West,wnd_Nshal_3,wntr_night,0.238183346
West,wnd_Nshal_3,peak,0.330614416
West,wnd_Nshal_4,sum_day,0.312396499
West,wnd_Nshal_4,sum_mrnevn,0.326345835
West,wnd_Nshal_4,sum_night,0.359487569
West,wnd_Nshal_4,sprfl_day,0.266667124
West,wnd_Nshal_4,sprfl_mrnevn,0.302189145
West,wnd_Nshal_4,sprfl_night,0.329483095
West,wnd_Nshal_4,wntr_day,0.266667124
West,wnd_Nshal_4,wntr_mrnevn,0.302189145
West,wnd_Nshal_4,wntr_night,0.329483095
West,wnd_Nshal_4,peak,0.312396499
West,wnd_Nshal_5,sum_day,0.298393616
West,wnd_Nshal_5,sum_mrnevn,0.345526433
West,wnd_Nshal_5,sum_night,0.373922424
West,wnd_Nshal_5,sprfl_day,0.345526433
West,wnd_Nshal_5,sprfl_mrnevn,0.392929233
West,wnd_Nshal_5,sprfl_night,0.430760094
West,wnd_Nshal_5,wntr_day,0.345526433
West,wnd_Nshal_5,wntr_mrnevn,0.392929233
West,wnd_Nshal_5,wntr_night,0.430760094
West,wnd_Nshal_5,peak,0.298393616
West,wnd_Nshal_6,sum_day,0.455274914
West,wnd_Nshal_6,sum_mrnevn,0.491364318
West,wnd_Nshal_6,sum_night,0.537873654
West,wnd_Nshal_6,sprfl_day,0.385185841
West,wnd_Nshal_6,sprfl_mrnevn,0.432453673
West,wnd_Nshal_6,sprfl_night,0.475212541
West,wnd_Nshal_6,wntr_day,0.385185841
West,wnd_Nshal_6,wntr_mrnevn,0.432453673
West,wnd_Nshal_6,wntr_night,0.475212541
West,wnd_Nshal_6,peak,0.455274914
West,wnd_Nshal_7,sum_day,0.415592919
West,wnd_Nshal_7,sum_mrnevn,0.499869344
West,wnd_Nshal_7,sum_night,0.56715728
West,wnd_Nshal_7,sprfl_day,0.57468068
West,wnd_Nshal_7,sprfl_mrnevn,0.641115606
West,wnd_Nshal_7,sprfl_night,0.696548488
West,wnd_Nshal_7,wntr_day,0.57468068
West,wnd_Nshal_7,wntr_mrnevn,0.641115606
West,wnd_Nshal_7,wntr_night,0.696548488
West,wnd_Nshal_7,peak,0.415592919
West,wnd_Ndeep_3,sum_day,0.36847425
West,wnd_Ndeep_3,sum_mrnevn,0.35870064
West,wnd_Ndeep_3,sum_night,0.36091112
West,wnd_Ndeep_3,sprfl_day,0.228206955
West,wnd_Ndeep_3,sprfl_mrnevn,0.252926425
West,wnd_Ndeep_3,sprfl_night,0.265458569
West,wnd_Ndeep_3,wntr_day,0.228206955
West,wnd_Ndeep_3,wntr_mrnevn,0.252926425
West,wnd_Ndeep_3,wntr_night,0.265458569
West,wnd_Ndeep_3,peak,0.36847425
West,wnd_Ndeep_4,sum_day,0.348990578
West,wnd_Ndeep_4,sum_mrnevn,0.364573937
West,wnd_Ndeep_4,sum_night,0.401597889
West,wnd_Ndeep_4,sprfl_day,0.297904471
West,wnd_Ndeep_4,sprfl_mrnevn,0.337587536
West,wnd_Ndeep_4,sprfl_night,0.368078696
West,wnd_Ndeep_4,wntr_day,0.297904471
West,wnd_Ndeep_4,wntr_mrnevn,0.337587536
West,wnd_Ndeep_4,wntr_night,0.368078696
West,wnd_Ndeep_4,peak,0.348990578
West,wnd_Ndeep_5,sum_day,0.334215185
West,wnd_Ndeep_5,sum_mrnevn,0.387006204
West,wnd_Ndeep_5,sum_night,0.418811077
West,wnd_Ndeep_5,sprfl_day,0.387006204
West,wnd_Ndeep_5,sprfl_mrnevn,0.440099617
West,wnd_Ndeep_5,sprfl_night,0.482471999
West,wnd_Ndeep_5,wntr_day,0.387006204
West,wnd_Ndeep_5,wntr_mrnevn,0.440099617
West,wnd_Ndeep_5,wntr_night,0.482471999
West,wnd_Ndeep_5,peak,0.334215185
West,wnd_Ndeep_6,sum_day,0.473226316
West,wnd_Ndeep_6,sum_mrnevn,0.510738719
West,wnd_Ndeep_6,sum_night,0.559081908
West,wnd_Ndeep_6,sprfl_day,0.400373644
West,wnd_Ndeep_6,sprfl_mrnevn,0.449505238
West,wnd_Ndeep_6,sprfl_night,0.493950079
West,wnd_Ndeep_6,wntr_day,0.400373644
West,wnd_Ndeep_6,wntr_mrnevn,0.449505238
West,wnd_Ndeep_6,wntr_night,0.493950079
West,wnd_Ndeep_6,peak,0.473226316
West,wnd_Ndeep_7,sum_day,0.359505783
West,wnd_Ndeep_7,sum_mrnevn,0.432408522
West,wnd_Ndeep_7,sum_night,0.490615486
West,wnd_Ndeep_7,sprfl_day,0.497123551
West,wnd_Ndeep_7,sprfl_mrnevn,0.554592625
West,wnd_Ndeep_7,sprfl_night,0.602544456
West,wnd_Ndeep_7,wntr_day,0.497123551
West,wnd_Ndeep_7,wntr_mrnevn,0.554592625
West,wnd_Ndeep_7,wntr_night,0.602544456
West,wnd_Ndeep_7,peak,0.359505783
